{
  "consumeCatalyst": false,
  "location": "multiblocked:atesla",
  "traits": {},
  "allowRotate": true,
  "showInJei": true,
  "baseRenderer": {
    "state": {
      "id": "minecraft:iron_block",
      "meta": 0
    },
    "type": "blockstate"
  },
  "formedRenderer": {
    "modelName": "atesla",
    "isGlobal": true,
    "type": "geo"
  },
  "properties": {
    "isOpaque": true,
    "destroyTime": 5.0,
    "explosionResistance": 6.0,
    "harvestLevel": 1,
    "lightEmissive": 0,
    "speedFactor": 1.0,
    "jumpFactor": 1.0,
    "friction": 0.6,
    "hasCollision": true,
    "tabGroup": "multiblocked.all",
    "stackSize": 64
  },
  "basePattern": {
    "structureDir": [
      "RIGHT",
      "UP",
      "FRONT"
    ],
    "pattern": [
      [
        "A",
        "@"
      ]
    ],
    "aisleRepetitions": [
      [
        1,
        1
      ]
    ],
    "predicates": {
      "controller": {
        "location": "multiblocked:atesla",
        "type": "component"
      },
      "in": {
        "location": "mbd:item_bus_in",
        "type": "component",
        "disableRenderFormed": true
      }
    },
    "symbolMap": {
      "@": [
        "controller"
      ],
      "A": [
        "in"
      ]
    }
  },
  "recipeMap": "tesla"
}