{
  "consumeCatalyst": false,
  "location": "bpa:he_assembler",
  "traits": {},
  "allowRotate": true,
  "showInJei": true,
  "baseRenderer": {
    "baseTexture": "multiblocked:blocks/gregtech_base",
    "frontTexture": "multiblocked:blocks/gregtech_front",
    "type": "gregtech"
  },
  "properties": {
    "isOpaque": true,
    "hasDynamicShape": false,
    "destroyTime": 1.5,
    "explosionResistance": 6.0,
    "lightEmissive": 0,
    "speedFactor": 1.0,
    "jumpFactor": 1.0,
    "friction": 0.6,
    "hasCollision": true,
    "tabGroup": "multiblocked.all",
    "stackSize": 64,
    "shape": [
      [
        0.0,
        0.0,
        0.0,
        1.0,
        1.0,
        1.0
      ]
    ]
  },
  "basePattern": {
    "structureDir": [
      "RIGHT",
      "UP",
      "FRONT"
    ],
    "pattern": [
      [
        "ABA",
        "CDC",
        " E "
      ],
      [
        "AAA",
        "CDC",
        " F "
      ],
      [
        "AAA",
        "CDC",
        " A "
      ],
      [
        "AAA",
        "CDC",
        " A "
      ],
      [
        "AAA",
        "CDC",
        " A "
      ],
      [
        "A@A",
        "CDC",
        " G "
      ]
    ],
    "aisleRepetitions": [
      [
        1,
        1
      ],
      [
        1,
        1
      ],
      [
        1,
        1
      ],
      [
        1,
        1
      ],
      [
        1,
        1
      ],
      [
        1,
        1
      ]
    ],
    "predicates": {
      "A": {
        "blocks": [
          {
            "id": "bigreactors:reinforced_reactorcasing"
          }
        ],
        "type": "blocks"
      },
      "controller": {
        "location": "bpa:he_assembler",
        "type": "component"
      },
      "B": {
        "blocks": [
          {
            "id": "multiblocked:energy_input"
          }
        ],
        "type": "blocks"
      },
      "C": {
        "blocks": [
          {
            "id": "mekanismgenerators:reactor_glass"
          }
        ],
        "type": "blocks"
      },
      "D": {
        "blocks": [
          {
            "id": "immersiveengineering:heavy_engineering"
          }
        ],
        "type": "blocks"
      },
      "E": {
        "blocks": [
          {
            "id": "multiblocked:item_input"
          }
        ],
        "type": "blocks"
      },
      "F": {
        "blocks": [
          {
            "id": "multiblocked:fluid_input"
          }
        ],
        "type": "blocks"
      },
      "G": {
        "blocks": [
          {
            "id": "multiblocked:item_output"
          }
        ],
        "type": "blocks"
      },
      "air": {
        "type": "air"
      },
      "any": {
        "type": "any"
      }
    },
    "symbolMap": {
      "@": [
        "controller"
      ],
      " ": [
        "any"
      ],
      "A": [
        "A"
      ],
      "B": [
        "B"
      ],
      "C": [
        "C"
      ],
      "D": [
        "D"
      ],
      "E": [
        "E"
      ],
      "F": [
        "F"
      ],
      "G": [
        "G"
      ],
      "-": [
        "air"
      ]
    }
  },
  "recipeMap": "He_assembler"
}