{
  "canShared": true,
  "location": "mbd:coil",
  "traits": {},
  "allowRotate": false,
  "showInJei": true,
  "baseRenderer": {
    "modelLocation": "multiblocked:coil",
    "type": "imodel"
  },
  "properties": {
    "isOpaque": true,
    "destroyTime": 5.0,
    "explosionResistance": 6.0,
    "harvestLevel": 1,
    "lightEmissive": 0,
    "speedFactor": 1.0,
    "jumpFactor": 1.0,
    "friction": 0.6,
    "hasCollision": true,
    "tabGroup": "multiblocked.all",
    "stackSize": 64
  }
}