{
  "name": "Ebf_recipes",
  "progressTexture": "multiblocked:textures/gui/progress_bar_arrow.png",
  "recipes": [
    {
      "uid": "24c01a48-1348-4713-85f1-024fabe79375",
      "duration": 360,
      "inputs": {
        "item": [
          {
            "content": {
              "type": "multiblocked:sized",
              "count": 1,
              "tag": "forge:ingots/iron"
            },
            "chance": 1.0
          }
        ],
        "forge_energy": [
          {
            "content": 3600,
            "chance": 1.0
          }
        ]
      },
      "outputs": {
        "item": [
          {
            "content": {
              "type": "multiblocked:sized",
              "count": 1,
              "tag": "forge:ingots/steel"
            },
            "chance": 1.0
          }
        ]
      }
    },
    {
      "uid": "c70376c0-f2cf-4390-9e3c-46aa5126a925",
      "duration": 360,
      "inputs": {
        "item": [
          {
            "content": {
              "type": "multiblocked:sized",
              "count": 3,
              "tag": "forge:ingots/tin"
            },
            "chance": 1.0
          },
          {
            "content": {
              "type": "multiblocked:sized",
              "count": 1,
              "tag": "forge:ingots/silver"
            },
            "chance": 1.0
          },
          {
            "content": {
              "type": "multiblocked:sized",
              "count": 2,
              "tag": "forge:dusts/glowstone"
            },
            "chance": 1.0
          }
        ],
        "forge_energy": [
          {
            "content": 3600,
            "chance": 1.0
          }
        ]
      },
      "outputs": {
        "item": [
          {
            "content": {
              "type": "multiblocked:sized",
              "count": 4,
              "tag": "forge:ingots/lumium"
            },
            "chance": 1.0
          }
        ]
      }
    },
    {
      "uid": "4dc42c89-ea5d-4748-a891-45b96cb10f2e",
      "duration": 720,
      "inputs": {
        "item": [
          {
            "content": {
              "type": "multiblocked:sized",
              "count": 1,
              "ingredient": {
                "item": "botania:manasteel_ingot"
              }
            },
            "chance": 1.0
          },
          {
            "content": {
              "type": "multiblocked:sized",
              "count": 1,
              "ingredient": {
                "item": "botania:mana_diamond"
              }
            },
            "chance": 1.0
          },
          {
            "content": {
              "type": "multiblocked:sized",
              "count": 1,
              "ingredient": {
                "item": "botania:mana_pearl"
              }
            },
            "chance": 1.0
          }
        ],
        "fluid": [
          {
            "content": {
              "fluid": "mysticalagradditions:molten_supremium",
              "amount": 288
            },
            "chance": 1.0
          }
        ],
        "forge_energy": [
          {
            "content": 5120,
            "chance": 1.0
          }
        ]
      },
      "outputs": {
        "item": [
          {
            "content": {
              "type": "multiblocked:sized",
              "count": 1,
              "ingredient": {
                "item": "botania:terrasteel_ingot"
              }
            },
            "chance": 1.0
          }
        ]
      }
    },
    {
      "uid": "fb3c49ae-9c57-4f9b-9ad4-5ff0595a61ce",
      "duration": 360,
      "inputs": {
        "item": [
          {
            "content": {
              "type": "multiblocked:sized",
              "count": 3,
              "tag": "forge:ingots/lead"
            },
            "chance": 1.0
          },
          {
            "content": {
              "type": "multiblocked:sized",
              "count": 1,
              "tag": "forge:dusts/diamond"
            },
            "chance": 1.0
          },
          {
            "content": {
              "type": "multiblocked:sized",
              "count": 2,
              "tag": "forge:ender_pearls"
            },
            "chance": 1.0
          }
        ],
        "forge_energy": [
          {
            "content": 3600,
            "chance": 1.0
          }
        ]
      },
      "outputs": {
        "item": [
          {
            "content": {
              "type": "multiblocked:sized",
              "count": 4,
              "tag": "forge:ingots/enderium"
            },
            "chance": 1.0
          }
        ]
      }
    },
    {
      "uid": "f86b7348-f005-41a3-87d6-304bc809e343",
      "duration": 360,
      "inputs": {
        "item": [
          {
            "content": {
              "type": "multiblocked:sized",
              "count": 3,
              "tag": "forge:ingots/copper"
            },
            "chance": 1.0
          },
          {
            "content": {
              "type": "multiblocked:sized",
              "count": 1,
              "tag": "forge:ingots/silver"
            },
            "chance": 1.0
          },
          {
            "content": {
              "type": "multiblocked:sized",
              "count": 4,
              "tag": "forge:dusts/redstone"
            },
            "chance": 1.0
          }
        ],
        "forge_energy": [
          {
            "content": 3600,
            "chance": 1.0
          }
        ]
      },
      "outputs": {
        "item": [
          {
            "content": {
              "type": "multiblocked:sized",
              "count": 4,
              "tag": "forge:ingots/signalum"
            },
            "chance": 1.0
          }
        ]
      }
    }
  ]
}