{
  "canShared": true,
  "location": "mbd:item_bus_in",
  "traits": {
    "background": "multiblocked:textures/gui/item_bus_gui.png",
    "item": [
      {
        "cIO": 0,
        "gIO": 2,
        "x": 70,
        "y": 62,
        "autoIO": true
      },
      {
        "cIO": 0,
        "gIO": 2,
        "x": 88,
        "y": 62,
        "autoIO": true
      },
      {
        "cIO": 0,
        "gIO": 2,
        "x": 70,
        "y": 80,
        "autoIO": true
      },
      {
        "cIO": 0,
        "gIO": 2,
        "x": 88,
        "y": 80,
        "autoIO": true
      }
    ]
  },
  "allowRotate": true,
  "showInJei": true,
  "baseRenderer": {
    "baseTexture": "multiblocked:blocks/casing/base",
    "frontTexture": "multiblocked:blocks/overlay/overlay_item_in",
    "formedAsController": true,
    "type": "gregtech"
  },
  "isOpaqueCube": true
}