{
  "canShared": true,
  "location": "mbd:fluid_hatch_out",
  "traits": {
    "background": "multiblocked:textures/gui/fluid_hatch_gui.png",
    "fluid": [
      {
        "cIO": 1,
        "gIO": 2,
        "x": 79,
        "y": 71,
        "tC": 64000,
        "autoIO": true
      }
    ]
  },
  "allowRotate": true,
  "showInJei": true,
  "baseRenderer": {
    "baseTexture": "multiblocked:blocks/casing/base",
    "frontTexture": "multiblocked:blocks/overlay/overlay_fluid_out",
    "formedAsController": true,
    "type": "gregtech"
  },
  "isOpaqueCube": true
}