{
	"format_version": "1.12.0",
	"minecraft:geometry": [
		{
			"description": {
				"identifier": "geometry.unknown",
				"texture_width": 128,
				"texture_height": 128,
				"visible_bounds_width": 3,
				"visible_bounds_height": 3.5,
				"visible_bounds_offset": [0, 1.25, 0]
			},
			"bones": [
				{
					"name": "Machine",
					"pivot": [0, 0, 0]
				},
				{
					"name": "topmachine",
					"parent": "Machine",
					"pivot": [0, 14, 0]
				},
				{
					"name": "ceilingplatform",
					"parent": "topmachine",
					"pivot": [0, 31, 0],
					"cubes": [
						{
							"origin": [-7, 29, -7],
							"size": [14, 3, 14],
							"uv": {
								"north": {"uv": [14, 50], "uv_size": [14, 3]},
								"east": {"uv": [0, 50], "uv_size": [14, 3]},
								"south": {"uv": [42, 50], "uv_size": [14, 3]},
								"west": {"uv": [28, 50], "uv_size": [14, 3]},
								"up": {"uv": [14, 36], "uv_size": [14, 14]},
								"down": {"uv": [28, 50], "uv_size": [14, -14]}
							}
						}
					]
				},
				{
					"name": "topplatform",
					"parent": "topmachine",
					"pivot": [0, 29, 0],
					"cubes": [
						{
							"origin": [-6, 27, -6],
							"size": [12, 2, 12],
							"uv": {
								"north": {"uv": [54, 29], "uv_size": [12, 2]},
								"east": {"uv": [42, 29], "uv_size": [12, 2]},
								"south": {"uv": [78, 29], "uv_size": [12, 2]},
								"west": {"uv": [66, 29], "uv_size": [12, 2]},
								"up": {"uv": [54, 17], "uv_size": [12, 12]},
								"down": {"uv": [66, 29], "uv_size": [12, -12]}
							}
						}
					]
				},
				{
					"name": "top_crochets",
					"parent": "topmachine",
					"pivot": [0.5, 29, 1.75]
				},
				{
					"name": "frontcrochet",
					"parent": "top_crochets",
					"pivot": [0, 27, -6.25],
					"cubes": [
						{
							"origin": [-1.5, 24, -6.25],
							"size": [3, 5, 2],
							"uv": {
								"north": {"uv": [2, 24], "uv_size": [3, 5]},
								"east": {"uv": [0, 24], "uv_size": [2, 5]},
								"south": {"uv": [7, 24], "uv_size": [3, 5]},
								"west": {"uv": [5, 24], "uv_size": [2, 5]},
								"up": {"uv": [2, 22], "uv_size": [3, 2]},
								"down": {"uv": [5, 24], "uv_size": [3, -2]}
							}
						}
					]
				},
				{
					"name": "rightcrochet",
					"parent": "top_crochets",
					"pivot": [6.25, 27, 0],
					"rotation": [0, -90, 0],
					"cubes": [
						{
							"origin": [4.75, 24, 0],
							"size": [3, 5, 2],
							"uv": {
								"north": {"uv": [2, 24], "uv_size": [3, 5]},
								"east": {"uv": [0, 24], "uv_size": [2, 5]},
								"south": {"uv": [7, 24], "uv_size": [3, 5]},
								"west": {"uv": [5, 24], "uv_size": [2, 5]},
								"up": {"uv": [2, 22], "uv_size": [3, 2]},
								"down": {"uv": [5, 24], "uv_size": [3, -2]}
							}
						}
					]
				},
				{
					"name": "leftcrochet",
					"parent": "top_crochets",
					"pivot": [-6.25, 27, 0],
					"rotation": [0, 90, 0],
					"cubes": [
						{
							"origin": [-7.75, 24, 0],
							"size": [3, 5, 2],
							"uv": {
								"north": {"uv": [2, 24], "uv_size": [3, 5]},
								"east": {"uv": [0, 24], "uv_size": [2, 5]},
								"south": {"uv": [7, 24], "uv_size": [3, 5]},
								"west": {"uv": [5, 24], "uv_size": [2, 5]},
								"up": {"uv": [2, 22], "uv_size": [3, 2]},
								"down": {"uv": [5, 24], "uv_size": [3, -2]}
							}
						}
					]
				},
				{
					"name": "backcrochet",
					"parent": "top_crochets",
					"pivot": [0, 27, 6.25],
					"rotation": [0, 180, 0],
					"cubes": [
						{
							"origin": [-1.5, 24, 6.25],
							"size": [3, 5, 2],
							"uv": {
								"north": {"uv": [2, 24], "uv_size": [3, 5]},
								"east": {"uv": [0, 24], "uv_size": [2, 5]},
								"south": {"uv": [7, 24], "uv_size": [3, 5]},
								"west": {"uv": [5, 24], "uv_size": [2, 5]},
								"up": {"uv": [2, 22], "uv_size": [3, 2]},
								"down": {"uv": [5, 24], "uv_size": [3, -2]}
							}
						}
					]
				},
				{
					"name": "translucent",
					"parent": "Machine",
					"pivot": [0, 0, 0]
				},
				{
					"name": "glass",
					"parent": "translucent",
					"pivot": [0, 8, 0],
					"cubes": [
						{
							"origin": [-5, 8, -5],
							"size": [10, 22, 0],
							"uv": {
								"north": {"uv": [60, 60], "uv_size": [10, 22]},
								"east": {"uv": [60, 60], "uv_size": [0, 22]},
								"south": {"uv": [70, 60], "uv_size": [10, 22]},
								"west": {"uv": [70, 60], "uv_size": [0, 22]},
								"up": {"uv": [60, 60], "uv_size": [10, 0]},
								"down": {"uv": [70, 60], "uv_size": [10, 0]}
							}
						},
						{
							"origin": [5, 8, -5],
							"size": [0, 22, 10],
							"uv": {
								"north": {"uv": [70, 60], "uv_size": [0, 22]},
								"east": {"uv": [60, 60], "uv_size": [10, 22]},
								"south": {"uv": [80, 60], "uv_size": [0, 22]},
								"west": {"uv": [70, 60], "uv_size": [10, 22]},
								"up": {"uv": [70, 50], "uv_size": [0, 10]},
								"down": {"uv": [70, 60], "uv_size": [0, -10]}
							}
						},
						{
							"origin": [-5, 8, -5],
							"size": [0, 22, 10],
							"uv": {
								"north": {"uv": [70, 60], "uv_size": [0, 22]},
								"east": {"uv": [60, 60], "uv_size": [10, 22]},
								"south": {"uv": [80, 60], "uv_size": [0, 22]},
								"west": {"uv": [70, 60], "uv_size": [10, 22]},
								"up": {"uv": [70, 50], "uv_size": [0, 10]},
								"down": {"uv": [70, 60], "uv_size": [0, -10]}
							}
						},
						{
							"origin": [-5, 8, 5],
							"size": [10, 22, 0],
							"uv": {
								"north": {"uv": [60, 60], "uv_size": [10, 22]},
								"east": {"uv": [60, 60], "uv_size": [0, 22]},
								"south": {"uv": [70, 60], "uv_size": [10, 22]},
								"west": {"uv": [70, 60], "uv_size": [0, 22]},
								"up": {"uv": [60, 60], "uv_size": [10, 0]},
								"down": {"uv": [70, 60], "uv_size": [10, 0]}
							}
						}
					]
				},
				{
					"name": "screen",
					"parent": "Machine",
					"pivot": [0, 9, -6],
					"rotation": [-22.5, 0, 0],
					"cubes": [
						{
							"origin": [-3, 6.71299, -7.19291],
							"size": [6, 4, 1],
							"uv": {
								"north": {"uv": [1, 18], "uv_size": [6, 4]},
								"east": {"uv": [0, 18], "uv_size": [1, 4]},
								"south": {"uv": [8, 18], "uv_size": [6, 4]},
								"west": {"uv": [7, 18], "uv_size": [1, 4]},
								"up": {"uv": [1, 17], "uv_size": [6, 1]},
								"down": {"uv": [7, 18], "uv_size": [6, -1]}
							}
						},
						{
							"origin": [-2.5, 7.21299, -7.19291],
							"size": [5, 3, 3],
							"uv": {
								"north": {"uv": [3, 3], "uv_size": [5, 3]},
								"east": {"uv": [0, 3], "uv_size": [3, 3]},
								"south": {"uv": [11, 3], "uv_size": [5, 3]},
								"west": {"uv": [8, 3], "uv_size": [3, 3]},
								"up": {"uv": [3, 0], "uv_size": [5, 3]},
								"down": {"uv": [8, 3], "uv_size": [5, -3]}
							}
						},
						{
							"origin": [-4, 5.71299, -7.69291],
							"size": [8, 6, 1],
							"uv": {
								"north": {"uv": [61, 51], "uv_size": [8, 6]},
								"east": {"uv": [60, 51], "uv_size": [1, 6]},
								"south": {"uv": [70, 51], "uv_size": [8, 6]},
								"west": {"uv": [69, 51], "uv_size": [1, 6]},
								"up": {"uv": [61, 50], "uv_size": [8, 1]},
								"down": {"uv": [69, 51], "uv_size": [8, -1]}
							}
						}
					]
				},
				{
					"name": "left_tube",
					"parent": "Machine",
					"pivot": [-4.9, 8, 0],
					"rotation": [0, 180, 0],
					"cubes": [
						{
							"origin": [-5.4, 6, -2],
							"size": [2, 4, 4],
							"uv": {
								"north": {"uv": [4, 10], "uv_size": [2, 4]},
								"east": {"uv": [0, 10], "uv_size": [4, 4]},
								"south": {"uv": [10, 10], "uv_size": [2, 4]},
								"west": {"uv": [6, 10], "uv_size": [4, 4]},
								"up": {"uv": [4, 6], "uv_size": [2, 4]},
								"down": {"uv": [6, 10], "uv_size": [2, -4]}
							}
						},
						{
							"origin": [-3.9, 5, -3],
							"size": [2, 6, 2],
							"uv": {
								"north": {"uv": [2, 38], "uv_size": [2, 6]},
								"east": {"uv": [0, 38], "uv_size": [2, 6]},
								"south": {"uv": [6, 38], "uv_size": [2, 6]},
								"west": {"uv": [4, 38], "uv_size": [2, 6]},
								"up": {"uv": [2, 36], "uv_size": [2, 2]},
								"down": {"uv": [4, 38], "uv_size": [2, -2]}
							}
						},
						{
							"origin": [-3.9, 9, -1],
							"size": [2, 2, 2],
							"uv": {
								"north": {"uv": [44, 44], "uv_size": [2, 2]},
								"east": {"uv": [42, 44], "uv_size": [2, 2]},
								"south": {"uv": [48, 44], "uv_size": [2, 2]},
								"west": {"uv": [46, 44], "uv_size": [2, 2]},
								"up": {"uv": [44, 42], "uv_size": [2, 2]},
								"down": {"uv": [46, 44], "uv_size": [2, -2]}
							}
						},
						{
							"origin": [-3.9, 5, 1],
							"size": [2, 6, 2],
							"uv": {
								"north": {"uv": [8, 44], "uv_size": [2, 6]},
								"east": {"uv": [6, 44], "uv_size": [2, 6]},
								"south": {"uv": [12, 44], "uv_size": [2, 6]},
								"west": {"uv": [10, 44], "uv_size": [2, 6]},
								"up": {"uv": [8, 42], "uv_size": [2, 2]},
								"down": {"uv": [10, 44], "uv_size": [2, -2]}
							}
						},
						{
							"origin": [-3.9, 5, -1],
							"size": [2, 2, 2],
							"uv": {
								"north": {"uv": [10, 8], "uv_size": [2, 2]},
								"east": {"uv": [8, 8], "uv_size": [2, 2]},
								"south": {"uv": [14, 8], "uv_size": [2, 2]},
								"west": {"uv": [12, 8], "uv_size": [2, 2]},
								"up": {"uv": [10, 6], "uv_size": [2, 2]},
								"down": {"uv": [12, 8], "uv_size": [2, -2]}
							}
						}
					]
				},
				{
					"name": "right_tube",
					"parent": "Machine",
					"pivot": [-0.1, 1, 0],
					"cubes": [
						{
							"origin": [4.4, 6, -2],
							"size": [2, 4, 4],
							"uv": {
								"north": {"uv": [4, 10], "uv_size": [2, 4]},
								"east": {"uv": [0, 10], "uv_size": [4, 4]},
								"south": {"uv": [10, 10], "uv_size": [2, 4]},
								"west": {"uv": [6, 10], "uv_size": [4, 4]},
								"up": {"uv": [4, 6], "uv_size": [2, 4]},
								"down": {"uv": [6, 10], "uv_size": [2, -4]}
							}
						},
						{
							"origin": [5.9, 5, -3],
							"size": [2, 6, 2],
							"uv": {
								"north": {"uv": [2, 38], "uv_size": [2, 6]},
								"east": {"uv": [0, 38], "uv_size": [2, 6]},
								"south": {"uv": [6, 38], "uv_size": [2, 6]},
								"west": {"uv": [4, 38], "uv_size": [2, 6]},
								"up": {"uv": [2, 36], "uv_size": [2, 2]},
								"down": {"uv": [4, 38], "uv_size": [2, -2]}
							}
						},
						{
							"origin": [5.9, 9, -1],
							"size": [2, 2, 2],
							"uv": {
								"north": {"uv": [44, 44], "uv_size": [2, 2]},
								"east": {"uv": [42, 44], "uv_size": [2, 2]},
								"south": {"uv": [48, 44], "uv_size": [2, 2]},
								"west": {"uv": [46, 44], "uv_size": [2, 2]},
								"up": {"uv": [44, 42], "uv_size": [2, 2]},
								"down": {"uv": [46, 44], "uv_size": [2, -2]}
							}
						},
						{
							"origin": [5.9, 5, 1],
							"size": [2, 6, 2],
							"uv": {
								"north": {"uv": [8, 44], "uv_size": [2, 6]},
								"east": {"uv": [6, 44], "uv_size": [2, 6]},
								"south": {"uv": [12, 44], "uv_size": [2, 6]},
								"west": {"uv": [10, 44], "uv_size": [2, 6]},
								"up": {"uv": [8, 42], "uv_size": [2, 2]},
								"down": {"uv": [10, 44], "uv_size": [2, -2]}
							}
						},
						{
							"origin": [5.9, 5, -1],
							"size": [2, 2, 2],
							"uv": {
								"north": {"uv": [10, 8], "uv_size": [2, 2]},
								"east": {"uv": [8, 8], "uv_size": [2, 2]},
								"south": {"uv": [14, 8], "uv_size": [2, 2]},
								"west": {"uv": [12, 8], "uv_size": [2, 2]},
								"up": {"uv": [10, 6], "uv_size": [2, 2]},
								"down": {"uv": [12, 8], "uv_size": [2, -2]}
							}
						}
					]
				},
				{
					"name": "back_tube",
					"parent": "Machine",
					"pivot": [0, 1, -0.1],
					"rotation": [0, -90, 0],
					"cubes": [
						{
							"origin": [4.5, 6, -2.1],
							"size": [2, 4, 4],
							"uv": {
								"north": {"uv": [4, 10], "uv_size": [2, 4]},
								"east": {"uv": [0, 10], "uv_size": [4, 4]},
								"south": {"uv": [10, 10], "uv_size": [2, 4]},
								"west": {"uv": [6, 10], "uv_size": [4, 4]},
								"up": {"uv": [4, 6], "uv_size": [2, 4]},
								"down": {"uv": [6, 10], "uv_size": [2, -4]}
							}
						},
						{
							"origin": [6, 5, -3.1],
							"size": [2, 6, 2],
							"uv": {
								"north": {"uv": [2, 38], "uv_size": [2, 6]},
								"east": {"uv": [0, 38], "uv_size": [2, 6]},
								"south": {"uv": [6, 38], "uv_size": [2, 6]},
								"west": {"uv": [4, 38], "uv_size": [2, 6]},
								"up": {"uv": [2, 36], "uv_size": [2, 2]},
								"down": {"uv": [4, 38], "uv_size": [2, -2]}
							}
						},
						{
							"origin": [6, 9, -1.1],
							"size": [2, 2, 2],
							"uv": {
								"north": {"uv": [44, 44], "uv_size": [2, 2]},
								"east": {"uv": [42, 44], "uv_size": [2, 2]},
								"south": {"uv": [48, 44], "uv_size": [2, 2]},
								"west": {"uv": [46, 44], "uv_size": [2, 2]},
								"up": {"uv": [44, 42], "uv_size": [2, 2]},
								"down": {"uv": [46, 44], "uv_size": [2, -2]}
							}
						},
						{
							"origin": [6, 5, 0.9],
							"size": [2, 6, 2],
							"uv": {
								"north": {"uv": [8, 44], "uv_size": [2, 6]},
								"east": {"uv": [6, 44], "uv_size": [2, 6]},
								"south": {"uv": [12, 44], "uv_size": [2, 6]},
								"west": {"uv": [10, 44], "uv_size": [2, 6]},
								"up": {"uv": [8, 42], "uv_size": [2, 2]},
								"down": {"uv": [10, 44], "uv_size": [2, -2]}
							}
						},
						{
							"origin": [6, 5, -1.1],
							"size": [2, 2, 2],
							"uv": {
								"north": {"uv": [10, 8], "uv_size": [2, 2]},
								"east": {"uv": [8, 8], "uv_size": [2, 2]},
								"south": {"uv": [14, 8], "uv_size": [2, 2]},
								"west": {"uv": [12, 8], "uv_size": [2, 2]},
								"up": {"uv": [10, 6], "uv_size": [2, 2]},
								"down": {"uv": [12, 8], "uv_size": [2, -2]}
							}
						}
					]
				},
				{
					"name": "baseplatform",
					"parent": "Machine",
					"pivot": [0, 1, 0],
					"cubes": [
						{
							"origin": [-7, 1, -7],
							"size": [14, 5, 14],
							"uv": {
								"north": {"uv": [14, 31], "uv_size": [14, 5]},
								"east": {"uv": [0, 31], "uv_size": [14, 5]},
								"south": {"uv": [42, 31], "uv_size": [14, 5]},
								"west": {"uv": [28, 31], "uv_size": [14, 5]},
								"up": {"uv": [14, 17], "uv_size": [14, 14]},
								"down": {"uv": [28, 31], "uv_size": [14, -14]}
							}
						}
					]
				},
				{
					"name": "mediumplatform",
					"parent": "baseplatform",
					"pivot": [0, 6, 0],
					"cubes": [
						{
							"origin": [-6, 6, -6],
							"size": [12, 2, 12],
							"uv": {
								"north": {"uv": [54, 48], "uv_size": [12, 2]},
								"east": {"uv": [42, 48], "uv_size": [12, 2]},
								"south": {"uv": [78, 48], "uv_size": [12, 2]},
								"west": {"uv": [66, 48], "uv_size": [12, 2]},
								"up": {"uv": [54, 36], "uv_size": [12, 12]},
								"down": {"uv": [66, 48], "uv_size": [12, -12]}
							}
						}
					]
				},
				{
					"name": "plantsurface",
					"parent": "mediumplatform",
					"pivot": [0.5, 9, -0.5],
					"cubes": [
						{
							"origin": [-4.5, 8, -4.5],
							"size": [9, 3, 9],
							"uv": {
								"north": {"uv": [57, 9], "uv_size": [9, 3]},
								"east": {"uv": [48, 9], "uv_size": [9, 3]},
								"south": {"uv": [75, 9], "uv_size": [9, 3]},
								"west": {"uv": [66, 9], "uv_size": [9, 3]},
								"up": {"uv": [57, 0], "uv_size": [9, 9]},
								"down": {"uv": [66, 9], "uv_size": [9, -9]}
							}
						}
					]
				},
				{
					"name": "groundplatform",
					"parent": "Machine",
					"pivot": [0, 0, 0],
					"cubes": [
						{
							"origin": [-8, 0, -8],
							"size": [16, 1, 16],
							"inflate": -0.01,
							"uv": {
								"north": {"uv": [16, 16], "uv_size": [16, 1]},
								"east": {"uv": [0, 16], "uv_size": [16, 1]},
								"south": {"uv": [48, 16], "uv_size": [16, 1]},
								"west": {"uv": [32, 16], "uv_size": [16, 1]},
								"up": {"uv": [16, 0], "uv_size": [16, 16]},
								"down": {"uv": [32, 16], "uv_size": [16, -16]}
							}
						}
					]
				},
				{
					"name": "Box",
					"pivot": [0, 0, 0]
				},
				{
					"name": "frontpanel",
					"parent": "Box",
					"pivot": [0, 0, -8],
					"cubes": [
						{
							"origin": [-8, 0, -8],
							"size": [16, 16, 0],
							"uv": {
								"north": {"uv": [0, 55], "uv_size": [16, 16]},
								"east": {"uv": [0, 55], "uv_size": [0, 16]},
								"south": {"uv": [16, 55], "uv_size": [16, 16]},
								"west": {"uv": [16, 55], "uv_size": [0, 16]},
								"up": {"uv": [0, 55], "uv_size": [16, 0]},
								"down": {"uv": [16, 55], "uv_size": [16, 0]}
							}
						}
					]
				},
				{
					"name": "rightpanel",
					"parent": "Box",
					"pivot": [8, 0, 0],
					"cubes": [
						{
							"origin": [8, 0, -8],
							"size": [0, 16, 16],
							"uv": {
								"north": {"uv": [16, 71], "uv_size": [0, 16]},
								"east": {"uv": [0, 71], "uv_size": [16, 16]},
								"south": {"uv": [32, 71], "uv_size": [0, 16]},
								"west": {"uv": [16, 71], "uv_size": [16, 16]},
								"up": {"uv": [16, 55], "uv_size": [0, 16]},
								"down": {"uv": [16, 71], "uv_size": [0, -16]}
							}
						}
					]
				},
				{
					"name": "toppanel",
					"parent": "rightpanel",
					"pivot": [8, 16, 0],
					"cubes": [
						{
							"origin": [-8, 16, -8],
							"size": [16, 0, 16],
							"uv": {
								"north": {"uv": [16, 104], "uv_size": [16, 0]},
								"east": {"uv": [0, 104], "uv_size": [16, 0]},
								"south": {"uv": [48, 104], "uv_size": [16, 0]},
								"west": {"uv": [32, 104], "uv_size": [16, 0]},
								"up": {"uv": [16, 88], "uv_size": [16, 16]},
								"down": {"uv": [32, 104], "uv_size": [16, -16]}
							}
						}
					]
				},
				{
					"name": "leftpanel",
					"parent": "Box",
					"pivot": [-8, 0, 0],
					"cubes": [
						{
							"origin": [-8, 0, -8],
							"size": [0, 16, 16],
							"uv": {
								"north": {"uv": [16, 71], "uv_size": [0, 16]},
								"east": {"uv": [0, 71], "uv_size": [16, 16]},
								"south": {"uv": [32, 71], "uv_size": [0, 16]},
								"west": {"uv": [16, 71], "uv_size": [16, 16]},
								"up": {"uv": [16, 55], "uv_size": [0, 16]},
								"down": {"uv": [16, 71], "uv_size": [0, -16]}
							}
						}
					]
				},
				{
					"name": "backpanel",
					"parent": "Box",
					"pivot": [0, 0, 8],
					"cubes": [
						{
							"origin": [-8, 0, 8],
							"size": [16, 16, 0],
							"uv": {
								"north": {"uv": [0, 55], "uv_size": [16, 16]},
								"east": {"uv": [0, 55], "uv_size": [0, 16]},
								"south": {"uv": [16, 55], "uv_size": [16, 16]},
								"west": {"uv": [16, 55], "uv_size": [0, 16]},
								"up": {"uv": [0, 55], "uv_size": [16, 0]},
								"down": {"uv": [16, 55], "uv_size": [16, 0]}
							}
						}
					]
				}
			]
		}
	]
}