{
	"format_version": "1.12.0",
	"minecraft:geometry": [
		{
			"description": {
				"identifier": "geometry.piston",
				"texture_width": 16,
				"texture_height": 16,
				"visible_bounds_width": 2,
				"visible_bounds_height": 1.5,
				"visible_bounds_offset": [0, 0.25, 0]
			},
			"bones": [
				{
					"name": "holder",
					"pivot": [-8, 12, 8],
					"cubes": [
						{
							"origin": [3, 0.5, -2],
							"size": [2, 5, 4],
							"uv": {
								"north": {"uv": [9, 9], "uv_size": [2, 5]},
								"east": {"uv": [9, 9], "uv_size": [4, 5]},
								"south": {"uv": [9, 9], "uv_size": [2, 5]},
								"west": {"uv": [9, 9], "uv_size": [4, 5]},
								"up": {"uv": [13, 11], "uv_size": [-4, -2]},
								"down": {"uv": [13, 11], "uv_size": [-4, -2]}
							}
						},
						{
							"origin": [1.7955, 0.5, 0.66529],
							"size": [2, 5, 4.25],
							"pivot": [2.7955, 1, 2.79029],
							"rotation": [0, -45, 0],
							"uv": {
								"north": {"uv": [9, 9], "uv_size": [2, 5]},
								"east": {"uv": [9, 9], "uv_size": [4.25, 5]},
								"south": {"uv": [9, 9], "uv_size": [2, 5]},
								"west": {"uv": [9, 9], "uv_size": [4.25, 5]},
								"up": {"uv": [13.25, 11], "uv_size": [-4.25, -2]},
								"down": {"uv": [13.25, 11], "uv_size": [-4.25, -2]}
							}
						},
						{
							"origin": [-2, 0.5, 3],
							"size": [4, 5, 2],
							"uv": {
								"north": {"uv": [9, 9], "uv_size": [4, 5]},
								"east": {"uv": [9, 9], "uv_size": [2, 5]},
								"south": {"uv": [9, 9], "uv_size": [4, 5]},
								"west": {"uv": [9, 9], "uv_size": [2, 5]},
								"up": {"uv": [13, 11], "uv_size": [-4, -2]},
								"down": {"uv": [13, 11], "uv_size": [-4, -2]}
							}
						},
						{
							"origin": [-2.75736, 0.5, 2.58579],
							"size": [4.25, 5, 2],
							"pivot": [-0.75736, 1, 0.58579],
							"rotation": [0, -45, 0],
							"uv": {
								"north": {"uv": [9, 9], "uv_size": [4.25, 5]},
								"east": {"uv": [9, 9], "uv_size": [2, 5]},
								"south": {"uv": [9, 9], "uv_size": [4.25, 5]},
								"west": {"uv": [9, 9], "uv_size": [2, 5]},
								"up": {"uv": [13.25, 11], "uv_size": [-4.25, -2]},
								"down": {"uv": [13.25, 11], "uv_size": [-4.25, -2]}
							}
						},
						{
							"origin": [-5, 0.5, -2],
							"size": [2, 5, 4],
							"uv": {
								"north": {"uv": [9, 9], "uv_size": [2, 5]},
								"east": {"uv": [9, 9], "uv_size": [4, 5]},
								"south": {"uv": [9, 9], "uv_size": [2, 5]},
								"west": {"uv": [9, 9], "uv_size": [4, 5]},
								"up": {"uv": [13, 11], "uv_size": [-4, -2]},
								"down": {"uv": [13, 11], "uv_size": [-4, -2]}
							}
						},
						{
							"origin": [-3.79029, 0.5, -4.9205],
							"size": [2, 5, 4.25],
							"pivot": [-2.79029, 1, -2.7955],
							"rotation": [0, -45, 0],
							"uv": {
								"north": {"uv": [9, 9], "uv_size": [2, 5]},
								"east": {"uv": [9, 9], "uv_size": [4.25, 5]},
								"south": {"uv": [9, 9], "uv_size": [2, 5]},
								"west": {"uv": [9, 9], "uv_size": [4.25, 5]},
								"up": {"uv": [13.25, 11], "uv_size": [-4.25, -2]},
								"down": {"uv": [13.25, 11], "uv_size": [-4.25, -2]}
							}
						},
						{
							"origin": [-2, 0.5, -5],
							"size": [4, 5, 2],
							"uv": {
								"north": {"uv": [9, 9], "uv_size": [4, 5]},
								"east": {"uv": [9, 9], "uv_size": [2, 5]},
								"south": {"uv": [9, 9], "uv_size": [4, 5]},
								"west": {"uv": [9, 9], "uv_size": [2, 5]},
								"up": {"uv": [13, 11], "uv_size": [-4, -2]},
								"down": {"uv": [13, 11], "uv_size": [-4, -2]}
							}
						},
						{
							"origin": [0.70711, 0.5, -3.87868],
							"size": [4.25, 5, 2],
							"pivot": [2.70711, 1, -2.87868],
							"rotation": [0, -45, 0],
							"uv": {
								"north": {"uv": [9, 9], "uv_size": [4.25, 5]},
								"east": {"uv": [9, 9], "uv_size": [2, 5]},
								"south": {"uv": [9, 9], "uv_size": [4.25, 5]},
								"west": {"uv": [9, 9], "uv_size": [2, 5]},
								"up": {"uv": [13.25, 11], "uv_size": [-4.25, -2]},
								"down": {"uv": [13.25, 11], "uv_size": [-4.25, -2]}
							}
						}
					]
				},
				{
					"name": "piston",
					"parent": "holder",
					"pivot": [0, 12, 0],
					"cubes": [
						{
							"origin": [-3.79029, 13.5, -4.9205],
							"size": [2, 2, 4.25],
							"pivot": [-2.79029, 12, -2.7955],
							"rotation": [0, -45, 0],
							"uv": {
								"north": {"uv": [9, 9], "uv_size": [2, 2]},
								"east": {"uv": [9, 9], "uv_size": [4.25, 2]},
								"south": {"uv": [9, 9], "uv_size": [2, 2]},
								"west": {"uv": [9, 9], "uv_size": [4.25, 2]},
								"up": {"uv": [13.25, 11], "uv_size": [-4.25, -2]},
								"down": {"uv": [13.25, 11], "uv_size": [-4.25, -2]}
							}
						},
						{
							"origin": [-5, 13.5, -2],
							"size": [2, 2, 4],
							"uv": {
								"north": {"uv": [9, 9], "uv_size": [2, 2]},
								"east": {"uv": [9, 9], "uv_size": [4, 2]},
								"south": {"uv": [9, 9], "uv_size": [2, 2]},
								"west": {"uv": [9, 9], "uv_size": [4, 2]},
								"up": {"uv": [13, 11], "uv_size": [-4, -2]},
								"down": {"uv": [13, 11], "uv_size": [-4, -2]}
							}
						},
						{
							"origin": [-2.75736, 13.5, 2.58579],
							"size": [4.25, 2, 2],
							"pivot": [-0.75736, 12, 0.58579],
							"rotation": [0, -45, 0],
							"uv": {
								"north": {"uv": [9, 9], "uv_size": [4.25, 2]},
								"east": {"uv": [9, 9], "uv_size": [2, 2]},
								"south": {"uv": [9, 9], "uv_size": [4.25, 2]},
								"west": {"uv": [9, 9], "uv_size": [2, 2]},
								"up": {"uv": [13.25, 11], "uv_size": [-4.25, -2]},
								"down": {"uv": [13.25, 11], "uv_size": [-4.25, -2]}
							}
						},
						{
							"origin": [3, 13.5, -2],
							"size": [2, 2, 4],
							"uv": {
								"north": {"uv": [9, 9], "uv_size": [2, 2]},
								"east": {"uv": [9, 9], "uv_size": [4, 2]},
								"south": {"uv": [9, 9], "uv_size": [2, 2]},
								"west": {"uv": [9, 9], "uv_size": [4, 2]},
								"up": {"uv": [13, 11], "uv_size": [-4, -2]},
								"down": {"uv": [13, 11], "uv_size": [-4, -2]}
							}
						},
						{
							"origin": [-2, 13.5, 3],
							"size": [4, 2, 2],
							"uv": {
								"north": {"uv": [9, 9], "uv_size": [4, 2]},
								"east": {"uv": [9, 9], "uv_size": [2, 2]},
								"south": {"uv": [9, 9], "uv_size": [4, 2]},
								"west": {"uv": [9, 9], "uv_size": [2, 2]},
								"up": {"uv": [13, 11], "uv_size": [-4, -2]},
								"down": {"uv": [13, 11], "uv_size": [-4, -2]}
							}
						},
						{
							"origin": [1.7955, 13.5, 0.66529],
							"size": [2, 2, 4.25],
							"pivot": [2.7955, 12, 2.79029],
							"rotation": [0, -45, 0],
							"uv": {
								"north": {"uv": [9, 9], "uv_size": [2, 2]},
								"east": {"uv": [9, 9], "uv_size": [4.25, 2]},
								"south": {"uv": [9, 9], "uv_size": [2, 2]},
								"west": {"uv": [9, 9], "uv_size": [4.25, 2]},
								"up": {"uv": [13.25, 11], "uv_size": [-4.25, -2]},
								"down": {"uv": [13.25, 11], "uv_size": [-4.25, -2]}
							}
						},
						{
							"origin": [-2, 13.5, -5],
							"size": [4, 2, 2],
							"uv": {
								"north": {"uv": [9, 9], "uv_size": [4, 2]},
								"east": {"uv": [9, 9], "uv_size": [2, 2]},
								"south": {"uv": [9, 9], "uv_size": [4, 2]},
								"west": {"uv": [9, 9], "uv_size": [2, 2]},
								"up": {"uv": [13, 11], "uv_size": [-4, -2]},
								"down": {"uv": [13, 11], "uv_size": [-4, -2]}
							}
						},
						{
							"origin": [0.70711, 13.5, -3.87868],
							"size": [4.25, 2, 2],
							"pivot": [2.70711, 12, -2.87868],
							"rotation": [0, -45, 0],
							"uv": {
								"north": {"uv": [9, 9], "uv_size": [4.25, 2]},
								"east": {"uv": [9, 9], "uv_size": [2, 2]},
								"south": {"uv": [9, 9], "uv_size": [4.25, 2]},
								"west": {"uv": [9, 9], "uv_size": [2, 2]},
								"up": {"uv": [13.25, 11], "uv_size": [-4.25, -2]},
								"down": {"uv": [13.25, 11], "uv_size": [-4.25, -2]}
							}
						}
					]
				},
				{
					"name": "body",
					"pivot": [-8, 2, 8],
					"cubes": [
						{
							"origin": [2.51108, 5.5, -3.25886],
							"size": [2, 8, 3.525],
							"pivot": [-1.48892, 6, -1.49636],
							"rotation": [0, -45, 0],
							"uv": {
								"north": {"uv": [8, 0], "uv_size": [2, 8]},
								"east": {"uv": [8, 0], "uv_size": [4, 8]},
								"south": {"uv": [8, 0], "uv_size": [2, 8]},
								"west": {"uv": [8, 0], "uv_size": [3.525, 8]},
								"up": {"uv": [11, 4.525], "uv_size": [-2, -3.525]},
								"down": {"uv": [11, 4.525], "uv_size": [-2, -3.525]}
							}
						},
						{
							"origin": [-1.5, 5.5, 2],
							"size": [3, 8, 2],
							"uv": {
								"north": {"uv": [8, 0], "uv_size": [3, 8]},
								"east": {"uv": [8, 0], "uv_size": [4, 8]},
								"south": {"uv": [8, 0], "uv_size": [3, 8]},
								"west": {"uv": [8, 0], "uv_size": [2, 8]},
								"up": {"uv": [11, 4], "uv_size": [-2, -3]},
								"down": {"uv": [11, 4], "uv_size": [-2, -3]}
							}
						},
						{
							"origin": [0.51041, 5.5, 2.61091],
							"size": [3.525, 8, 2],
							"pivot": [2.01041, 6, -2.38909],
							"rotation": [0, -45, 0],
							"uv": {
								"north": {"uv": [8, 0], "uv_size": [3.525, 8]},
								"east": {"uv": [8, 0], "uv_size": [4, 8]},
								"south": {"uv": [8, 0], "uv_size": [3.525, 8]},
								"west": {"uv": [8, 0], "uv_size": [2, 8]},
								"up": {"uv": [11, 4.525], "uv_size": [-2, -3.525]},
								"down": {"uv": [11, 4.525], "uv_size": [-2, -3.525]}
							}
						},
						{
							"origin": [-4, 5.5, -1.5],
							"size": [2, 8, 3],
							"uv": {
								"north": {"uv": [8, 0], "uv_size": [2, 8]},
								"east": {"uv": [8, 0], "uv_size": [4, 8]},
								"south": {"uv": [8, 0], "uv_size": [2, 8]},
								"west": {"uv": [8, 0], "uv_size": [3, 8]},
								"up": {"uv": [11, 4], "uv_size": [-2, -3]},
								"down": {"uv": [11, 4], "uv_size": [-2, -3]}
							}
						},
						{
							"origin": [-3.03917, 5.5, -3.80912],
							"size": [2, 8, 3.525],
							"pivot": [-2.03917, 6, -2.04662],
							"rotation": [0, -45, 0],
							"uv": {
								"north": {"uv": [8, 0], "uv_size": [2, 8]},
								"east": {"uv": [8, 0], "uv_size": [4, 8]},
								"south": {"uv": [8, 0], "uv_size": [2, 8]},
								"west": {"uv": [8, 0], "uv_size": [3.525, 8]},
								"up": {"uv": [11, 4.525], "uv_size": [-2, -3.525]},
								"down": {"uv": [11, 4.525], "uv_size": [-2, -3.525]}
							}
						},
						{
							"origin": [-1.5, 5.5, -4],
							"size": [3, 8, 2],
							"uv": {
								"north": {"uv": [8, 0], "uv_size": [3, 8]},
								"east": {"uv": [8, 0], "uv_size": [4, 8]},
								"south": {"uv": [8, 0], "uv_size": [3, 8]},
								"west": {"uv": [8, 0], "uv_size": [2, 8]},
								"up": {"uv": [11, 4], "uv_size": [-2, -3]},
								"down": {"uv": [11, 4], "uv_size": [-2, -3]}
							}
						},
						{
							"origin": [0.35355, 5.5, -3.23223],
							"size": [3.525, 8, 2],
							"pivot": [1.85355, 6, -2.23223],
							"rotation": [0, -45, 0],
							"uv": {
								"north": {"uv": [8, 0], "uv_size": [3.525, 8]},
								"east": {"uv": [8, 0], "uv_size": [4, 8]},
								"south": {"uv": [8, 0], "uv_size": [3.525, 8]},
								"west": {"uv": [8, 0], "uv_size": [2, 8]},
								"up": {"uv": [11, 4.525], "uv_size": [-2, -3.525]},
								"down": {"uv": [11, 4.525], "uv_size": [-2, -3.525]}
							}
						},
						{
							"origin": [2, 5.5, -1.5],
							"size": [2, 8, 3],
							"uv": {
								"north": {"uv": [8, 0], "uv_size": [2, 8]},
								"east": {"uv": [8, 0], "uv_size": [4, 8]},
								"south": {"uv": [8, 0], "uv_size": [2, 8]},
								"west": {"uv": [8, 0], "uv_size": [3, 8]},
								"up": {"uv": [11, 4], "uv_size": [-2, -3]},
								"down": {"uv": [11, 4], "uv_size": [-2, -3]}
							}
						},
						{
							"origin": [4, 5.5, -0.25],
							"size": [0.5, 8, 0.5],
							"uv": {
								"north": {"uv": [8, 0], "uv_size": [2, 8]},
								"east": {"uv": [8, 0], "uv_size": [4, 8]},
								"south": {"uv": [8, 0], "uv_size": [2, 8]},
								"west": {"uv": [8, 0], "uv_size": [3, 8]},
								"up": {"uv": [11, 4], "uv_size": [-2, -3]},
								"down": {"uv": [11, 4], "uv_size": [-2, -3]}
							}
						},
						{
							"origin": [-4.5, 5.5, -0.25],
							"size": [0.5, 8, 0.5],
							"uv": {
								"north": {"uv": [8, 0], "uv_size": [2, 8]},
								"east": {"uv": [8, 0], "uv_size": [4, 8]},
								"south": {"uv": [8, 0], "uv_size": [2, 8]},
								"west": {"uv": [8, 0], "uv_size": [3, 8]},
								"up": {"uv": [11, 4], "uv_size": [-2, -3]},
								"down": {"uv": [11, 4], "uv_size": [-2, -3]}
							}
						}
					]
				},
				{
					"name": "heat_sink",
					"pivot": [-8, 8, 8]
				},
				{
					"name": "dissipators_0",
					"parent": "heat_sink",
					"pivot": [-4.46204, 0.625, 11.53527],
					"cubes": [
						{
							"origin": [-2, 0.5, -5.25],
							"size": [4, 0.25, 0.25],
							"uv": {
								"north": {"uv": [1, 1], "uv_size": [4, 0.25]},
								"east": {"uv": [1, 1], "uv_size": [0.25, 0.25]},
								"south": {"uv": [1, 1], "uv_size": [4, 0.25]},
								"west": {"uv": [1, 1], "uv_size": [0.25, 0.25]},
								"up": {"uv": [5, 1.25], "uv_size": [-4, -0.25]},
								"down": {"uv": [5, 1.25], "uv_size": [-4, -0.25]}
							}
						},
						{
							"origin": [1.32583, 0.5, -3.8724],
							"size": [4.6, 0.25, 0.25],
							"pivot": [3.32583, 0.625, -3.7474],
							"rotation": [0, -45, 0],
							"uv": {
								"north": {"uv": [1, 1], "uv_size": [4.6, 0.25]},
								"east": {"uv": [1, 1], "uv_size": [0.25, 0.25]},
								"south": {"uv": [1, 1], "uv_size": [4.6, 0.25]},
								"west": {"uv": [1, 1], "uv_size": [0.25, 0.25]},
								"up": {"uv": [5.6, 1.25], "uv_size": [-4.6, -0.25]},
								"down": {"uv": [5.6, 1.25], "uv_size": [-4.6, -0.25]}
							}
						},
						{
							"origin": [5, 0.5, -2],
							"size": [0.25, 0.25, 4],
							"uv": {
								"north": {"uv": [1, 1], "uv_size": [0.25, 0.25]},
								"east": {"uv": [1, 1], "uv_size": [4, 0.25]},
								"south": {"uv": [1, 1], "uv_size": [0.25, 0.25]},
								"west": {"uv": [1, 1], "uv_size": [4, 0.25]},
								"up": {"uv": [5, 1.25], "uv_size": [-4, -0.25]},
								"down": {"uv": [5, 1.25], "uv_size": [-4, -0.25]}
							}
						},
						{
							"origin": [3.41296, 0.5, 1.23527],
							"size": [0.25, 0.25, 4.6],
							"pivot": [3.53796, 0.625, 3.53527],
							"rotation": [0, -45, 0],
							"uv": {
								"north": {"uv": [1, 1], "uv_size": [0.25, 0.25]},
								"east": {"uv": [1, 1], "uv_size": [4.6, 0.25]},
								"south": {"uv": [1, 1], "uv_size": [0.25, 0.25]},
								"west": {"uv": [1, 1], "uv_size": [4.6, 0.25]},
								"up": {"uv": [5.6, 1.25], "uv_size": [-4.6, -0.25]},
								"down": {"uv": [5.6, 1.25], "uv_size": [-4.6, -0.25]}
							}
						},
						{
							"origin": [-2, 0.5, 5],
							"size": [4, 0.25, 0.25],
							"uv": {
								"north": {"uv": [1, 1], "uv_size": [4, 0.25]},
								"east": {"uv": [1, 1], "uv_size": [0.25, 0.25]},
								"south": {"uv": [1, 1], "uv_size": [4, 0.25]},
								"west": {"uv": [1, 1], "uv_size": [0.25, 0.25]},
								"up": {"uv": [5, 1.25], "uv_size": [-4, -0.25]},
								"down": {"uv": [5, 1.25], "uv_size": [-4, -0.25]}
							}
						},
						{
							"origin": [1.32583, 0.5, 6.1276],
							"size": [4.6, 0.25, 0.25],
							"pivot": [3.32583, 0.625, -3.7474],
							"rotation": [0, -45, 0],
							"uv": {
								"north": {"uv": [1, 1], "uv_size": [4.6, 0.25]},
								"east": {"uv": [1, 1], "uv_size": [0.25, 0.25]},
								"south": {"uv": [1, 1], "uv_size": [4.6, 0.25]},
								"west": {"uv": [1, 1], "uv_size": [0.25, 0.25]},
								"up": {"uv": [5.6, 1.25], "uv_size": [-4.6, -0.25]},
								"down": {"uv": [5.6, 1.25], "uv_size": [-4.6, -0.25]}
							}
						},
						{
							"origin": [-5.25, 0.5, -2],
							"size": [0.25, 0.25, 4],
							"uv": {
								"north": {"uv": [1, 1], "uv_size": [0.25, 0.25]},
								"east": {"uv": [1, 1], "uv_size": [4, 0.25]},
								"south": {"uv": [1, 1], "uv_size": [0.25, 0.25]},
								"west": {"uv": [1, 1], "uv_size": [4, 0.25]},
								"up": {"uv": [5, 1.25], "uv_size": [-4, -0.25]},
								"down": {"uv": [5, 1.25], "uv_size": [-4, -0.25]}
							}
						},
						{
							"origin": [-6.58704, 0.5, 1.23527],
							"size": [0.25, 0.25, 4.6],
							"pivot": [3.53796, 0.625, 3.53527],
							"rotation": [0, -45, 0],
							"uv": {
								"north": {"uv": [1, 1], "uv_size": [0.25, 0.25]},
								"east": {"uv": [1, 1], "uv_size": [4.6, 0.25]},
								"south": {"uv": [1, 1], "uv_size": [0.25, 0.25]},
								"west": {"uv": [1, 1], "uv_size": [4.6, 0.25]},
								"up": {"uv": [5.6, 1.25], "uv_size": [-4.6, -0.25]},
								"down": {"uv": [5.6, 1.25], "uv_size": [-4.6, -0.25]}
							}
						}
					]
				},
				{
					"name": "dissipators_1",
					"parent": "heat_sink",
					"pivot": [-4.46204, 0.625, 11.53527],
					"cubes": [
						{
							"origin": [-2, 1, -5.25],
							"size": [4, 0.25, 0.25],
							"uv": {
								"north": {"uv": [1, 1], "uv_size": [4, 0.25]},
								"east": {"uv": [1, 1], "uv_size": [0.25, 0.25]},
								"south": {"uv": [1, 1], "uv_size": [4, 0.25]},
								"west": {"uv": [1, 1], "uv_size": [0.25, 0.25]},
								"up": {"uv": [5, 1.25], "uv_size": [-4, -0.25]},
								"down": {"uv": [5, 1.25], "uv_size": [-4, -0.25]}
							}
						},
						{
							"origin": [1.32583, 1, -3.8724],
							"size": [4.6, 0.25, 0.25],
							"pivot": [3.32583, 1.125, -3.7474],
							"rotation": [0, -45, 0],
							"uv": {
								"north": {"uv": [1, 1], "uv_size": [4.6, 0.25]},
								"east": {"uv": [1, 1], "uv_size": [0.25, 0.25]},
								"south": {"uv": [1, 1], "uv_size": [4.6, 0.25]},
								"west": {"uv": [1, 1], "uv_size": [0.25, 0.25]},
								"up": {"uv": [5.6, 1.25], "uv_size": [-4.6, -0.25]},
								"down": {"uv": [5.6, 1.25], "uv_size": [-4.6, -0.25]}
							}
						},
						{
							"origin": [5, 1, -2],
							"size": [0.25, 0.25, 4],
							"uv": {
								"north": {"uv": [1, 1], "uv_size": [0.25, 0.25]},
								"east": {"uv": [1, 1], "uv_size": [4, 0.25]},
								"south": {"uv": [1, 1], "uv_size": [0.25, 0.25]},
								"west": {"uv": [1, 1], "uv_size": [4, 0.25]},
								"up": {"uv": [5, 1.25], "uv_size": [-4, -0.25]},
								"down": {"uv": [5, 1.25], "uv_size": [-4, -0.25]}
							}
						},
						{
							"origin": [3.41296, 1, 1.23527],
							"size": [0.25, 0.25, 4.6],
							"pivot": [3.53796, 1.125, 3.53527],
							"rotation": [0, -45, 0],
							"uv": {
								"north": {"uv": [1, 1], "uv_size": [0.25, 0.25]},
								"east": {"uv": [1, 1], "uv_size": [4.6, 0.25]},
								"south": {"uv": [1, 1], "uv_size": [0.25, 0.25]},
								"west": {"uv": [1, 1], "uv_size": [4.6, 0.25]},
								"up": {"uv": [5.6, 1.25], "uv_size": [-4.6, -0.25]},
								"down": {"uv": [5.6, 1.25], "uv_size": [-4.6, -0.25]}
							}
						},
						{
							"origin": [-2, 1, 5],
							"size": [4, 0.25, 0.25],
							"uv": {
								"north": {"uv": [1, 1], "uv_size": [4, 0.25]},
								"east": {"uv": [1, 1], "uv_size": [0.25, 0.25]},
								"south": {"uv": [1, 1], "uv_size": [4, 0.25]},
								"west": {"uv": [1, 1], "uv_size": [0.25, 0.25]},
								"up": {"uv": [5, 1.25], "uv_size": [-4, -0.25]},
								"down": {"uv": [5, 1.25], "uv_size": [-4, -0.25]}
							}
						},
						{
							"origin": [1.32583, 1, 6.1276],
							"size": [4.6, 0.25, 0.25],
							"pivot": [3.32583, 1.125, -3.7474],
							"rotation": [0, -45, 0],
							"uv": {
								"north": {"uv": [1, 1], "uv_size": [4.6, 0.25]},
								"east": {"uv": [1, 1], "uv_size": [0.25, 0.25]},
								"south": {"uv": [1, 1], "uv_size": [4.6, 0.25]},
								"west": {"uv": [1, 1], "uv_size": [0.25, 0.25]},
								"up": {"uv": [5.6, 1.25], "uv_size": [-4.6, -0.25]},
								"down": {"uv": [5.6, 1.25], "uv_size": [-4.6, -0.25]}
							}
						},
						{
							"origin": [-5.25, 1, -2],
							"size": [0.25, 0.25, 4],
							"uv": {
								"north": {"uv": [1, 1], "uv_size": [0.25, 0.25]},
								"east": {"uv": [1, 1], "uv_size": [4, 0.25]},
								"south": {"uv": [1, 1], "uv_size": [0.25, 0.25]},
								"west": {"uv": [1, 1], "uv_size": [4, 0.25]},
								"up": {"uv": [5, 1.25], "uv_size": [-4, -0.25]},
								"down": {"uv": [5, 1.25], "uv_size": [-4, -0.25]}
							}
						},
						{
							"origin": [-6.58704, 1, 1.23527],
							"size": [0.25, 0.25, 4.6],
							"pivot": [3.53796, 1.125, 3.53527],
							"rotation": [0, -45, 0],
							"uv": {
								"north": {"uv": [1, 1], "uv_size": [0.25, 0.25]},
								"east": {"uv": [1, 1], "uv_size": [4.6, 0.25]},
								"south": {"uv": [1, 1], "uv_size": [0.25, 0.25]},
								"west": {"uv": [1, 1], "uv_size": [4.6, 0.25]},
								"up": {"uv": [5.6, 1.25], "uv_size": [-4.6, -0.25]},
								"down": {"uv": [5.6, 1.25], "uv_size": [-4.6, -0.25]}
							}
						}
					]
				},
				{
					"name": "dissipators_2",
					"parent": "heat_sink",
					"pivot": [-4.46204, 0.625, 11.53527],
					"cubes": [
						{
							"origin": [-2, 1.5, -5.25],
							"size": [4, 0.25, 0.25],
							"uv": {
								"north": {"uv": [1, 1], "uv_size": [4, 0.25]},
								"east": {"uv": [1, 1], "uv_size": [0.25, 0.25]},
								"south": {"uv": [1, 1], "uv_size": [4, 0.25]},
								"west": {"uv": [1, 1], "uv_size": [0.25, 0.25]},
								"up": {"uv": [5, 1.25], "uv_size": [-4, -0.25]},
								"down": {"uv": [5, 1.25], "uv_size": [-4, -0.25]}
							}
						},
						{
							"origin": [1.32583, 1.5, -3.8724],
							"size": [4.6, 0.25, 0.25],
							"pivot": [3.32583, 1.625, -3.7474],
							"rotation": [0, -45, 0],
							"uv": {
								"north": {"uv": [1, 1], "uv_size": [4.6, 0.25]},
								"east": {"uv": [1, 1], "uv_size": [0.25, 0.25]},
								"south": {"uv": [1, 1], "uv_size": [4.6, 0.25]},
								"west": {"uv": [1, 1], "uv_size": [0.25, 0.25]},
								"up": {"uv": [5.6, 1.25], "uv_size": [-4.6, -0.25]},
								"down": {"uv": [5.6, 1.25], "uv_size": [-4.6, -0.25]}
							}
						},
						{
							"origin": [5, 1.5, -2],
							"size": [0.25, 0.25, 4],
							"uv": {
								"north": {"uv": [1, 1], "uv_size": [0.25, 0.25]},
								"east": {"uv": [1, 1], "uv_size": [4, 0.25]},
								"south": {"uv": [1, 1], "uv_size": [0.25, 0.25]},
								"west": {"uv": [1, 1], "uv_size": [4, 0.25]},
								"up": {"uv": [5, 1.25], "uv_size": [-4, -0.25]},
								"down": {"uv": [5, 1.25], "uv_size": [-4, -0.25]}
							}
						},
						{
							"origin": [3.41296, 1.5, 1.23527],
							"size": [0.25, 0.25, 4.6],
							"pivot": [3.53796, 1.625, 3.53527],
							"rotation": [0, -45, 0],
							"uv": {
								"north": {"uv": [1, 1], "uv_size": [0.25, 0.25]},
								"east": {"uv": [1, 1], "uv_size": [4.6, 0.25]},
								"south": {"uv": [1, 1], "uv_size": [0.25, 0.25]},
								"west": {"uv": [1, 1], "uv_size": [4.6, 0.25]},
								"up": {"uv": [5.6, 1.25], "uv_size": [-4.6, -0.25]},
								"down": {"uv": [5.6, 1.25], "uv_size": [-4.6, -0.25]}
							}
						},
						{
							"origin": [-2, 1.5, 5],
							"size": [4, 0.25, 0.25],
							"uv": {
								"north": {"uv": [1, 1], "uv_size": [4, 0.25]},
								"east": {"uv": [1, 1], "uv_size": [0.25, 0.25]},
								"south": {"uv": [1, 1], "uv_size": [4, 0.25]},
								"west": {"uv": [1, 1], "uv_size": [0.25, 0.25]},
								"up": {"uv": [5, 1.25], "uv_size": [-4, -0.25]},
								"down": {"uv": [5, 1.25], "uv_size": [-4, -0.25]}
							}
						},
						{
							"origin": [1.32583, 1.5, 6.1276],
							"size": [4.6, 0.25, 0.25],
							"pivot": [3.32583, 1.625, -3.7474],
							"rotation": [0, -45, 0],
							"uv": {
								"north": {"uv": [1, 1], "uv_size": [4.6, 0.25]},
								"east": {"uv": [1, 1], "uv_size": [0.25, 0.25]},
								"south": {"uv": [1, 1], "uv_size": [4.6, 0.25]},
								"west": {"uv": [1, 1], "uv_size": [0.25, 0.25]},
								"up": {"uv": [5.6, 1.25], "uv_size": [-4.6, -0.25]},
								"down": {"uv": [5.6, 1.25], "uv_size": [-4.6, -0.25]}
							}
						},
						{
							"origin": [-5.25, 1.5, -2],
							"size": [0.25, 0.25, 4],
							"uv": {
								"north": {"uv": [1, 1], "uv_size": [0.25, 0.25]},
								"east": {"uv": [1, 1], "uv_size": [4, 0.25]},
								"south": {"uv": [1, 1], "uv_size": [0.25, 0.25]},
								"west": {"uv": [1, 1], "uv_size": [4, 0.25]},
								"up": {"uv": [5, 1.25], "uv_size": [-4, -0.25]},
								"down": {"uv": [5, 1.25], "uv_size": [-4, -0.25]}
							}
						},
						{
							"origin": [-6.58704, 1.5, 1.23527],
							"size": [0.25, 0.25, 4.6],
							"pivot": [3.53796, 1.625, 3.53527],
							"rotation": [0, -45, 0],
							"uv": {
								"north": {"uv": [1, 1], "uv_size": [0.25, 0.25]},
								"east": {"uv": [1, 1], "uv_size": [4.6, 0.25]},
								"south": {"uv": [1, 1], "uv_size": [0.25, 0.25]},
								"west": {"uv": [1, 1], "uv_size": [4.6, 0.25]},
								"up": {"uv": [5.6, 1.25], "uv_size": [-4.6, -0.25]},
								"down": {"uv": [5.6, 1.25], "uv_size": [-4.6, -0.25]}
							}
						}
					]
				},
				{
					"name": "dissipators_3",
					"parent": "heat_sink",
					"pivot": [-4.46204, 0.625, 11.53527],
					"cubes": [
						{
							"origin": [-2, 2, -5.25],
							"size": [4, 0.25, 0.25],
							"uv": {
								"north": {"uv": [1, 1], "uv_size": [4, 0.25]},
								"east": {"uv": [1, 1], "uv_size": [0.25, 0.25]},
								"south": {"uv": [1, 1], "uv_size": [4, 0.25]},
								"west": {"uv": [1, 1], "uv_size": [0.25, 0.25]},
								"up": {"uv": [5, 1.25], "uv_size": [-4, -0.25]},
								"down": {"uv": [5, 1.25], "uv_size": [-4, -0.25]}
							}
						},
						{
							"origin": [1.32583, 2, -3.8724],
							"size": [4.6, 0.25, 0.25],
							"pivot": [3.32583, 2.125, -3.7474],
							"rotation": [0, -45, 0],
							"uv": {
								"north": {"uv": [1, 1], "uv_size": [4.6, 0.25]},
								"east": {"uv": [1, 1], "uv_size": [0.25, 0.25]},
								"south": {"uv": [1, 1], "uv_size": [4.6, 0.25]},
								"west": {"uv": [1, 1], "uv_size": [0.25, 0.25]},
								"up": {"uv": [5.6, 1.25], "uv_size": [-4.6, -0.25]},
								"down": {"uv": [5.6, 1.25], "uv_size": [-4.6, -0.25]}
							}
						},
						{
							"origin": [5, 2, -2],
							"size": [0.25, 0.25, 4],
							"uv": {
								"north": {"uv": [1, 1], "uv_size": [0.25, 0.25]},
								"east": {"uv": [1, 1], "uv_size": [4, 0.25]},
								"south": {"uv": [1, 1], "uv_size": [0.25, 0.25]},
								"west": {"uv": [1, 1], "uv_size": [4, 0.25]},
								"up": {"uv": [5, 1.25], "uv_size": [-4, -0.25]},
								"down": {"uv": [5, 1.25], "uv_size": [-4, -0.25]}
							}
						},
						{
							"origin": [3.41296, 2, 1.23527],
							"size": [0.25, 0.25, 4.6],
							"pivot": [3.53796, 2.125, 3.53527],
							"rotation": [0, -45, 0],
							"uv": {
								"north": {"uv": [1, 1], "uv_size": [0.25, 0.25]},
								"east": {"uv": [1, 1], "uv_size": [4.6, 0.25]},
								"south": {"uv": [1, 1], "uv_size": [0.25, 0.25]},
								"west": {"uv": [1, 1], "uv_size": [4.6, 0.25]},
								"up": {"uv": [5.6, 1.25], "uv_size": [-4.6, -0.25]},
								"down": {"uv": [5.6, 1.25], "uv_size": [-4.6, -0.25]}
							}
						},
						{
							"origin": [-2, 2, 5],
							"size": [4, 0.25, 0.25],
							"uv": {
								"north": {"uv": [1, 1], "uv_size": [4, 0.25]},
								"east": {"uv": [1, 1], "uv_size": [0.25, 0.25]},
								"south": {"uv": [1, 1], "uv_size": [4, 0.25]},
								"west": {"uv": [1, 1], "uv_size": [0.25, 0.25]},
								"up": {"uv": [5, 1.25], "uv_size": [-4, -0.25]},
								"down": {"uv": [5, 1.25], "uv_size": [-4, -0.25]}
							}
						},
						{
							"origin": [1.32583, 2, 6.1276],
							"size": [4.6, 0.25, 0.25],
							"pivot": [3.32583, 2.125, -3.7474],
							"rotation": [0, -45, 0],
							"uv": {
								"north": {"uv": [1, 1], "uv_size": [4.6, 0.25]},
								"east": {"uv": [1, 1], "uv_size": [0.25, 0.25]},
								"south": {"uv": [1, 1], "uv_size": [4.6, 0.25]},
								"west": {"uv": [1, 1], "uv_size": [0.25, 0.25]},
								"up": {"uv": [5.6, 1.25], "uv_size": [-4.6, -0.25]},
								"down": {"uv": [5.6, 1.25], "uv_size": [-4.6, -0.25]}
							}
						},
						{
							"origin": [-5.25, 2, -2],
							"size": [0.25, 0.25, 4],
							"uv": {
								"north": {"uv": [1, 1], "uv_size": [0.25, 0.25]},
								"east": {"uv": [1, 1], "uv_size": [4, 0.25]},
								"south": {"uv": [1, 1], "uv_size": [0.25, 0.25]},
								"west": {"uv": [1, 1], "uv_size": [4, 0.25]},
								"up": {"uv": [5, 1.25], "uv_size": [-4, -0.25]},
								"down": {"uv": [5, 1.25], "uv_size": [-4, -0.25]}
							}
						},
						{
							"origin": [-6.58704, 2, 1.23527],
							"size": [0.25, 0.25, 4.6],
							"pivot": [3.53796, 2.125, 3.53527],
							"rotation": [0, -45, 0],
							"uv": {
								"north": {"uv": [1, 1], "uv_size": [0.25, 0.25]},
								"east": {"uv": [1, 1], "uv_size": [4.6, 0.25]},
								"south": {"uv": [1, 1], "uv_size": [0.25, 0.25]},
								"west": {"uv": [1, 1], "uv_size": [4.6, 0.25]},
								"up": {"uv": [5.6, 1.25], "uv_size": [-4.6, -0.25]},
								"down": {"uv": [5.6, 1.25], "uv_size": [-4.6, -0.25]}
							}
						}
					]
				},
				{
					"name": "dissipators_4",
					"parent": "heat_sink",
					"pivot": [-4.46204, 0.625, 11.53527],
					"cubes": [
						{
							"origin": [-2, 2.5, -5.25],
							"size": [4, 0.25, 0.25],
							"uv": {
								"north": {"uv": [1, 1], "uv_size": [4, 0.25]},
								"east": {"uv": [1, 1], "uv_size": [0.25, 0.25]},
								"south": {"uv": [1, 1], "uv_size": [4, 0.25]},
								"west": {"uv": [1, 1], "uv_size": [0.25, 0.25]},
								"up": {"uv": [5, 1.25], "uv_size": [-4, -0.25]},
								"down": {"uv": [5, 1.25], "uv_size": [-4, -0.25]}
							}
						},
						{
							"origin": [1.32583, 2.5, -3.8724],
							"size": [4.6, 0.25, 0.25],
							"pivot": [3.32583, 2.625, -3.7474],
							"rotation": [0, -45, 0],
							"uv": {
								"north": {"uv": [1, 1], "uv_size": [4.6, 0.25]},
								"east": {"uv": [1, 1], "uv_size": [0.25, 0.25]},
								"south": {"uv": [1, 1], "uv_size": [4.6, 0.25]},
								"west": {"uv": [1, 1], "uv_size": [0.25, 0.25]},
								"up": {"uv": [5.6, 1.25], "uv_size": [-4.6, -0.25]},
								"down": {"uv": [5.6, 1.25], "uv_size": [-4.6, -0.25]}
							}
						},
						{
							"origin": [5, 2.5, -2],
							"size": [0.25, 0.25, 4],
							"uv": {
								"north": {"uv": [1, 1], "uv_size": [0.25, 0.25]},
								"east": {"uv": [1, 1], "uv_size": [4, 0.25]},
								"south": {"uv": [1, 1], "uv_size": [0.25, 0.25]},
								"west": {"uv": [1, 1], "uv_size": [4, 0.25]},
								"up": {"uv": [5, 1.25], "uv_size": [-4, -0.25]},
								"down": {"uv": [5, 1.25], "uv_size": [-4, -0.25]}
							}
						},
						{
							"origin": [3.41296, 2.5, 1.23527],
							"size": [0.25, 0.25, 4.6],
							"pivot": [3.53796, 2.625, 3.53527],
							"rotation": [0, -45, 0],
							"uv": {
								"north": {"uv": [1, 1], "uv_size": [0.25, 0.25]},
								"east": {"uv": [1, 1], "uv_size": [4.6, 0.25]},
								"south": {"uv": [1, 1], "uv_size": [0.25, 0.25]},
								"west": {"uv": [1, 1], "uv_size": [4.6, 0.25]},
								"up": {"uv": [5.6, 1.25], "uv_size": [-4.6, -0.25]},
								"down": {"uv": [5.6, 1.25], "uv_size": [-4.6, -0.25]}
							}
						},
						{
							"origin": [-2, 2.5, 5],
							"size": [4, 0.25, 0.25],
							"uv": {
								"north": {"uv": [1, 1], "uv_size": [4, 0.25]},
								"east": {"uv": [1, 1], "uv_size": [0.25, 0.25]},
								"south": {"uv": [1, 1], "uv_size": [4, 0.25]},
								"west": {"uv": [1, 1], "uv_size": [0.25, 0.25]},
								"up": {"uv": [5, 1.25], "uv_size": [-4, -0.25]},
								"down": {"uv": [5, 1.25], "uv_size": [-4, -0.25]}
							}
						},
						{
							"origin": [1.32583, 2.5, 6.1276],
							"size": [4.6, 0.25, 0.25],
							"pivot": [3.32583, 2.625, -3.7474],
							"rotation": [0, -45, 0],
							"uv": {
								"north": {"uv": [1, 1], "uv_size": [4.6, 0.25]},
								"east": {"uv": [1, 1], "uv_size": [0.25, 0.25]},
								"south": {"uv": [1, 1], "uv_size": [4.6, 0.25]},
								"west": {"uv": [1, 1], "uv_size": [0.25, 0.25]},
								"up": {"uv": [5.6, 1.25], "uv_size": [-4.6, -0.25]},
								"down": {"uv": [5.6, 1.25], "uv_size": [-4.6, -0.25]}
							}
						},
						{
							"origin": [-5.25, 2.5, -2],
							"size": [0.25, 0.25, 4],
							"uv": {
								"north": {"uv": [1, 1], "uv_size": [0.25, 0.25]},
								"east": {"uv": [1, 1], "uv_size": [4, 0.25]},
								"south": {"uv": [1, 1], "uv_size": [0.25, 0.25]},
								"west": {"uv": [1, 1], "uv_size": [4, 0.25]},
								"up": {"uv": [5, 1.25], "uv_size": [-4, -0.25]},
								"down": {"uv": [5, 1.25], "uv_size": [-4, -0.25]}
							}
						},
						{
							"origin": [-6.58704, 2.5, 1.23527],
							"size": [0.25, 0.25, 4.6],
							"pivot": [3.53796, 2.625, 3.53527],
							"rotation": [0, -45, 0],
							"uv": {
								"north": {"uv": [1, 1], "uv_size": [0.25, 0.25]},
								"east": {"uv": [1, 1], "uv_size": [4.6, 0.25]},
								"south": {"uv": [1, 1], "uv_size": [0.25, 0.25]},
								"west": {"uv": [1, 1], "uv_size": [4.6, 0.25]},
								"up": {"uv": [5.6, 1.25], "uv_size": [-4.6, -0.25]},
								"down": {"uv": [5.6, 1.25], "uv_size": [-4.6, -0.25]}
							}
						}
					]
				},
				{
					"name": "dissipators_5",
					"parent": "heat_sink",
					"pivot": [-4.46204, 0.625, 11.53527],
					"cubes": [
						{
							"origin": [-2, 3, -5.25],
							"size": [4, 0.25, 0.25],
							"uv": {
								"north": {"uv": [1, 1], "uv_size": [4, 0.25]},
								"east": {"uv": [1, 1], "uv_size": [0.25, 0.25]},
								"south": {"uv": [1, 1], "uv_size": [4, 0.25]},
								"west": {"uv": [1, 1], "uv_size": [0.25, 0.25]},
								"up": {"uv": [5, 1.25], "uv_size": [-4, -0.25]},
								"down": {"uv": [5, 1.25], "uv_size": [-4, -0.25]}
							}
						},
						{
							"origin": [1.32583, 3, -3.8724],
							"size": [4.6, 0.25, 0.25],
							"pivot": [3.32583, 3.125, -3.7474],
							"rotation": [0, -45, 0],
							"uv": {
								"north": {"uv": [1, 1], "uv_size": [4.6, 0.25]},
								"east": {"uv": [1, 1], "uv_size": [0.25, 0.25]},
								"south": {"uv": [1, 1], "uv_size": [4.6, 0.25]},
								"west": {"uv": [1, 1], "uv_size": [0.25, 0.25]},
								"up": {"uv": [5.6, 1.25], "uv_size": [-4.6, -0.25]},
								"down": {"uv": [5.6, 1.25], "uv_size": [-4.6, -0.25]}
							}
						},
						{
							"origin": [5, 3, -2],
							"size": [0.25, 0.25, 4],
							"uv": {
								"north": {"uv": [1, 1], "uv_size": [0.25, 0.25]},
								"east": {"uv": [1, 1], "uv_size": [4, 0.25]},
								"south": {"uv": [1, 1], "uv_size": [0.25, 0.25]},
								"west": {"uv": [1, 1], "uv_size": [4, 0.25]},
								"up": {"uv": [5, 1.25], "uv_size": [-4, -0.25]},
								"down": {"uv": [5, 1.25], "uv_size": [-4, -0.25]}
							}
						},
						{
							"origin": [3.41296, 3, 1.23527],
							"size": [0.25, 0.25, 4.6],
							"pivot": [3.53796, 3.125, 3.53527],
							"rotation": [0, -45, 0],
							"uv": {
								"north": {"uv": [1, 1], "uv_size": [0.25, 0.25]},
								"east": {"uv": [1, 1], "uv_size": [4.6, 0.25]},
								"south": {"uv": [1, 1], "uv_size": [0.25, 0.25]},
								"west": {"uv": [1, 1], "uv_size": [4.6, 0.25]},
								"up": {"uv": [5.6, 1.25], "uv_size": [-4.6, -0.25]},
								"down": {"uv": [5.6, 1.25], "uv_size": [-4.6, -0.25]}
							}
						},
						{
							"origin": [-2, 3, 5],
							"size": [4, 0.25, 0.25],
							"uv": {
								"north": {"uv": [1, 1], "uv_size": [4, 0.25]},
								"east": {"uv": [1, 1], "uv_size": [0.25, 0.25]},
								"south": {"uv": [1, 1], "uv_size": [4, 0.25]},
								"west": {"uv": [1, 1], "uv_size": [0.25, 0.25]},
								"up": {"uv": [5, 1.25], "uv_size": [-4, -0.25]},
								"down": {"uv": [5, 1.25], "uv_size": [-4, -0.25]}
							}
						},
						{
							"origin": [1.32583, 3, 6.1276],
							"size": [4.6, 0.25, 0.25],
							"pivot": [3.32583, 3.125, -3.7474],
							"rotation": [0, -45, 0],
							"uv": {
								"north": {"uv": [1, 1], "uv_size": [4.6, 0.25]},
								"east": {"uv": [1, 1], "uv_size": [0.25, 0.25]},
								"south": {"uv": [1, 1], "uv_size": [4.6, 0.25]},
								"west": {"uv": [1, 1], "uv_size": [0.25, 0.25]},
								"up": {"uv": [5.6, 1.25], "uv_size": [-4.6, -0.25]},
								"down": {"uv": [5.6, 1.25], "uv_size": [-4.6, -0.25]}
							}
						},
						{
							"origin": [-5.25, 3, -2],
							"size": [0.25, 0.25, 4],
							"uv": {
								"north": {"uv": [1, 1], "uv_size": [0.25, 0.25]},
								"east": {"uv": [1, 1], "uv_size": [4, 0.25]},
								"south": {"uv": [1, 1], "uv_size": [0.25, 0.25]},
								"west": {"uv": [1, 1], "uv_size": [4, 0.25]},
								"up": {"uv": [5, 1.25], "uv_size": [-4, -0.25]},
								"down": {"uv": [5, 1.25], "uv_size": [-4, -0.25]}
							}
						},
						{
							"origin": [-6.58704, 3, 1.23527],
							"size": [0.25, 0.25, 4.6],
							"pivot": [3.53796, 3.125, 3.53527],
							"rotation": [0, -45, 0],
							"uv": {
								"north": {"uv": [1, 1], "uv_size": [0.25, 0.25]},
								"east": {"uv": [1, 1], "uv_size": [4.6, 0.25]},
								"south": {"uv": [1, 1], "uv_size": [0.25, 0.25]},
								"west": {"uv": [1, 1], "uv_size": [4.6, 0.25]},
								"up": {"uv": [5.6, 1.25], "uv_size": [-4.6, -0.25]},
								"down": {"uv": [5.6, 1.25], "uv_size": [-4.6, -0.25]}
							}
						}
					]
				},
				{
					"name": "dissipators_6",
					"parent": "heat_sink",
					"pivot": [-4.46204, 0.625, 11.53527],
					"cubes": [
						{
							"origin": [-2, 3.5, -5.25],
							"size": [4, 0.25, 0.25],
							"uv": {
								"north": {"uv": [1, 1], "uv_size": [4, 0.25]},
								"east": {"uv": [1, 1], "uv_size": [0.25, 0.25]},
								"south": {"uv": [1, 1], "uv_size": [4, 0.25]},
								"west": {"uv": [1, 1], "uv_size": [0.25, 0.25]},
								"up": {"uv": [5, 1.25], "uv_size": [-4, -0.25]},
								"down": {"uv": [5, 1.25], "uv_size": [-4, -0.25]}
							}
						},
						{
							"origin": [1.32583, 3.5, -3.8724],
							"size": [4.6, 0.25, 0.25],
							"pivot": [3.32583, 3.625, -3.7474],
							"rotation": [0, -45, 0],
							"uv": {
								"north": {"uv": [1, 1], "uv_size": [4.6, 0.25]},
								"east": {"uv": [1, 1], "uv_size": [0.25, 0.25]},
								"south": {"uv": [1, 1], "uv_size": [4.6, 0.25]},
								"west": {"uv": [1, 1], "uv_size": [0.25, 0.25]},
								"up": {"uv": [5.6, 1.25], "uv_size": [-4.6, -0.25]},
								"down": {"uv": [5.6, 1.25], "uv_size": [-4.6, -0.25]}
							}
						},
						{
							"origin": [5, 3.5, -2],
							"size": [0.25, 0.25, 4],
							"uv": {
								"north": {"uv": [1, 1], "uv_size": [0.25, 0.25]},
								"east": {"uv": [1, 1], "uv_size": [4, 0.25]},
								"south": {"uv": [1, 1], "uv_size": [0.25, 0.25]},
								"west": {"uv": [1, 1], "uv_size": [4, 0.25]},
								"up": {"uv": [5, 1.25], "uv_size": [-4, -0.25]},
								"down": {"uv": [5, 1.25], "uv_size": [-4, -0.25]}
							}
						},
						{
							"origin": [3.41296, 3.5, 1.23527],
							"size": [0.25, 0.25, 4.6],
							"pivot": [3.53796, 3.625, 3.53527],
							"rotation": [0, -45, 0],
							"uv": {
								"north": {"uv": [1, 1], "uv_size": [0.25, 0.25]},
								"east": {"uv": [1, 1], "uv_size": [4.6, 0.25]},
								"south": {"uv": [1, 1], "uv_size": [0.25, 0.25]},
								"west": {"uv": [1, 1], "uv_size": [4.6, 0.25]},
								"up": {"uv": [5.6, 1.25], "uv_size": [-4.6, -0.25]},
								"down": {"uv": [5.6, 1.25], "uv_size": [-4.6, -0.25]}
							}
						},
						{
							"origin": [-2, 3.5, 5],
							"size": [4, 0.25, 0.25],
							"uv": {
								"north": {"uv": [1, 1], "uv_size": [4, 0.25]},
								"east": {"uv": [1, 1], "uv_size": [0.25, 0.25]},
								"south": {"uv": [1, 1], "uv_size": [4, 0.25]},
								"west": {"uv": [1, 1], "uv_size": [0.25, 0.25]},
								"up": {"uv": [5, 1.25], "uv_size": [-4, -0.25]},
								"down": {"uv": [5, 1.25], "uv_size": [-4, -0.25]}
							}
						},
						{
							"origin": [1.32583, 3.5, 6.1276],
							"size": [4.6, 0.25, 0.25],
							"pivot": [3.32583, 3.625, -3.7474],
							"rotation": [0, -45, 0],
							"uv": {
								"north": {"uv": [1, 1], "uv_size": [4.6, 0.25]},
								"east": {"uv": [1, 1], "uv_size": [0.25, 0.25]},
								"south": {"uv": [1, 1], "uv_size": [4.6, 0.25]},
								"west": {"uv": [1, 1], "uv_size": [0.25, 0.25]},
								"up": {"uv": [5.6, 1.25], "uv_size": [-4.6, -0.25]},
								"down": {"uv": [5.6, 1.25], "uv_size": [-4.6, -0.25]}
							}
						},
						{
							"origin": [-5.25, 3.5, -2],
							"size": [0.25, 0.25, 4],
							"uv": {
								"north": {"uv": [1, 1], "uv_size": [0.25, 0.25]},
								"east": {"uv": [1, 1], "uv_size": [4, 0.25]},
								"south": {"uv": [1, 1], "uv_size": [0.25, 0.25]},
								"west": {"uv": [1, 1], "uv_size": [4, 0.25]},
								"up": {"uv": [5, 1.25], "uv_size": [-4, -0.25]},
								"down": {"uv": [5, 1.25], "uv_size": [-4, -0.25]}
							}
						},
						{
							"origin": [-6.58704, 3.5, 1.23527],
							"size": [0.25, 0.25, 4.6],
							"pivot": [3.53796, 3.625, 3.53527],
							"rotation": [0, -45, 0],
							"uv": {
								"north": {"uv": [1, 1], "uv_size": [0.25, 0.25]},
								"east": {"uv": [1, 1], "uv_size": [4.6, 0.25]},
								"south": {"uv": [1, 1], "uv_size": [0.25, 0.25]},
								"west": {"uv": [1, 1], "uv_size": [4.6, 0.25]},
								"up": {"uv": [5.6, 1.25], "uv_size": [-4.6, -0.25]},
								"down": {"uv": [5.6, 1.25], "uv_size": [-4.6, -0.25]}
							}
						}
					]
				},
				{
					"name": "dissipators_7",
					"parent": "heat_sink",
					"pivot": [-4.46204, 0.625, 11.53527],
					"cubes": [
						{
							"origin": [-2, 4, -5.25],
							"size": [4, 0.25, 0.25],
							"uv": {
								"north": {"uv": [1, 1], "uv_size": [4, 0.25]},
								"east": {"uv": [1, 1], "uv_size": [0.25, 0.25]},
								"south": {"uv": [1, 1], "uv_size": [4, 0.25]},
								"west": {"uv": [1, 1], "uv_size": [0.25, 0.25]},
								"up": {"uv": [5, 1.25], "uv_size": [-4, -0.25]},
								"down": {"uv": [5, 1.25], "uv_size": [-4, -0.25]}
							}
						},
						{
							"origin": [1.32583, 4, -3.8724],
							"size": [4.6, 0.25, 0.25],
							"pivot": [3.32583, 4.125, -3.7474],
							"rotation": [0, -45, 0],
							"uv": {
								"north": {"uv": [1, 1], "uv_size": [4.6, 0.25]},
								"east": {"uv": [1, 1], "uv_size": [0.25, 0.25]},
								"south": {"uv": [1, 1], "uv_size": [4.6, 0.25]},
								"west": {"uv": [1, 1], "uv_size": [0.25, 0.25]},
								"up": {"uv": [5.6, 1.25], "uv_size": [-4.6, -0.25]},
								"down": {"uv": [5.6, 1.25], "uv_size": [-4.6, -0.25]}
							}
						},
						{
							"origin": [5, 4, -2],
							"size": [0.25, 0.25, 4],
							"uv": {
								"north": {"uv": [1, 1], "uv_size": [0.25, 0.25]},
								"east": {"uv": [1, 1], "uv_size": [4, 0.25]},
								"south": {"uv": [1, 1], "uv_size": [0.25, 0.25]},
								"west": {"uv": [1, 1], "uv_size": [4, 0.25]},
								"up": {"uv": [5, 1.25], "uv_size": [-4, -0.25]},
								"down": {"uv": [5, 1.25], "uv_size": [-4, -0.25]}
							}
						},
						{
							"origin": [3.41296, 4, 1.23527],
							"size": [0.25, 0.25, 4.6],
							"pivot": [3.53796, 4.125, 3.53527],
							"rotation": [0, -45, 0],
							"uv": {
								"north": {"uv": [1, 1], "uv_size": [0.25, 0.25]},
								"east": {"uv": [1, 1], "uv_size": [4.6, 0.25]},
								"south": {"uv": [1, 1], "uv_size": [0.25, 0.25]},
								"west": {"uv": [1, 1], "uv_size": [4.6, 0.25]},
								"up": {"uv": [5.6, 1.25], "uv_size": [-4.6, -0.25]},
								"down": {"uv": [5.6, 1.25], "uv_size": [-4.6, -0.25]}
							}
						},
						{
							"origin": [-2, 4, 5],
							"size": [4, 0.25, 0.25],
							"uv": {
								"north": {"uv": [1, 1], "uv_size": [4, 0.25]},
								"east": {"uv": [1, 1], "uv_size": [0.25, 0.25]},
								"south": {"uv": [1, 1], "uv_size": [4, 0.25]},
								"west": {"uv": [1, 1], "uv_size": [0.25, 0.25]},
								"up": {"uv": [5, 1.25], "uv_size": [-4, -0.25]},
								"down": {"uv": [5, 1.25], "uv_size": [-4, -0.25]}
							}
						},
						{
							"origin": [1.32583, 4, 6.1276],
							"size": [4.6, 0.25, 0.25],
							"pivot": [3.32583, 4.125, -3.7474],
							"rotation": [0, -45, 0],
							"uv": {
								"north": {"uv": [1, 1], "uv_size": [4.6, 0.25]},
								"east": {"uv": [1, 1], "uv_size": [0.25, 0.25]},
								"south": {"uv": [1, 1], "uv_size": [4.6, 0.25]},
								"west": {"uv": [1, 1], "uv_size": [0.25, 0.25]},
								"up": {"uv": [5.6, 1.25], "uv_size": [-4.6, -0.25]},
								"down": {"uv": [5.6, 1.25], "uv_size": [-4.6, -0.25]}
							}
						},
						{
							"origin": [-5.25, 4, -2],
							"size": [0.25, 0.25, 4],
							"uv": {
								"north": {"uv": [1, 1], "uv_size": [0.25, 0.25]},
								"east": {"uv": [1, 1], "uv_size": [4, 0.25]},
								"south": {"uv": [1, 1], "uv_size": [0.25, 0.25]},
								"west": {"uv": [1, 1], "uv_size": [4, 0.25]},
								"up": {"uv": [5, 1.25], "uv_size": [-4, -0.25]},
								"down": {"uv": [5, 1.25], "uv_size": [-4, -0.25]}
							}
						},
						{
							"origin": [-6.58704, 4, 1.23527],
							"size": [0.25, 0.25, 4.6],
							"pivot": [3.53796, 4.125, 3.53527],
							"rotation": [0, -45, 0],
							"uv": {
								"north": {"uv": [1, 1], "uv_size": [0.25, 0.25]},
								"east": {"uv": [1, 1], "uv_size": [4.6, 0.25]},
								"south": {"uv": [1, 1], "uv_size": [0.25, 0.25]},
								"west": {"uv": [1, 1], "uv_size": [4.6, 0.25]},
								"up": {"uv": [5.6, 1.25], "uv_size": [-4.6, -0.25]},
								"down": {"uv": [5.6, 1.25], "uv_size": [-4.6, -0.25]}
							}
						}
					]
				}
			]
		}
	]
}