{
	"format_version": "1.8.0",
	"animations": {
		"idle-working": {
			"animation_length": 2.6,
			"bones": {
				"rods": {
					"position": {
						"0.0": {
							"vector": [0, -19, 0]
						},
						"0.72": {
							"vector": [0, -16, 0]
						}
					}
				},
				"Prism": {
					"rotation": {
						"0.0": {
							"vector": [-170, 0, 0]
						},
						"1.56": {
							"vector": [-170, 0, 0]
						},
						"2.08": {
							"vector": [0, 0, 0]
						}
					}
				},
				"Prism2": {
					"rotation": {
						"0.0": {
							"vector": [-170, 0, 0]
						},
						"1.56": {
							"vector": [-170, 0, 0]
						},
						"2.08": {
							"vector": [0, 0, 0]
						}
					}
				},
				"Prism3": {
					"rotation": {
						"0.0": {
							"vector": [-170, 0, 0]
						},
						"1.56": {
							"vector": [-170, 0, 0]
						},
						"2.08": {
							"vector": [0, 0, 0]
						}
					}
				},
				"Prism4": {
					"rotation": {
						"0.0": {
							"vector": [-170, 0, 0]
						},
						"1.56": {
							"vector": [-170, 0, 0]
						},
						"2.08": {
							"vector": [0, 0, 0]
						}
					}
				},
				"Prism5": {
					"rotation": {
						"0.0": {
							"vector": [-170, 0, 0]
						},
						"1.56": {
							"vector": [-170, 0, 0]
						},
						"2.08": {
							"vector": [0, 0, 0]
						}
					}
				},
				"Prism6": {
					"rotation": {
						"0.0": {
							"vector": [-170, 0, 0]
						},
						"1.56": {
							"vector": [-170, 0, 0]
						},
						"2.08": {
							"vector": [0, 0, 0]
						}
					}
				},
				"head": {
					"position": {
						"0.0": {
							"vector": [0, -24, 0]
						},
						"1.04": {
							"vector": [0, -24, 0]
						},
						"1.72": {
							"vector": [0, -16, 0]
						}
					}
				},
				"base": {
					"position": {
						"vector": [0, -16, 0]
					}
				}
			}
		},
		"working": {
			"loop": true,
			"animation_length": 2.56,
			"bones": {
				"head": {
					"rotation": {
						"0.0": {
							"vector": [0, 0, 0]
						},
						"2.12": {
							"vector": [0, 360, 0],
							"easing": "easeInElastic"
						}
					},
					"position": {
						"vector": [0, -16, 0]
					}
				},
				"rods": {
					"position": {
						"vector": [0, -16, 0]
					}
				},
				"base": {
					"position": {
						"vector": [0, -16, 0]
					}
				}
			}
		},
		"idle": {
			"loop": true,
			"bones": {
				"rods": {
					"position": {
						"vector": [0, -19, 0]
					}
				},
				"Prism": {
					"rotation": {
						"vector": [-170, 0, 0]
					}
				},
				"Prism2": {
					"rotation": {
						"vector": [-170, 0, 0]
					}
				},
				"Prism3": {
					"rotation": {
						"vector": [-170, 0, 0]
					}
				},
				"Prism4": {
					"rotation": {
						"vector": [-170, 0, 0]
					}
				},
				"Prism5": {
					"rotation": {
						"vector": [-170, 0, 0]
					}
				},
				"Prism6": {
					"rotation": {
						"vector": [-170, 0, 0]
					}
				},
				"head": {
					"position": {
						"vector": [0, -24, 0]
					}
				},
				"base": {
					"position": {
						"vector": [0, -16, 0]
					}
				}
			}
		}
	},
	"geckolib_format_version": 2
}