{
	"format_version": "1.8.0",
	"animations": {
		"working": {
			"loop": true,
			"animation_length": 3,
			"bones": {
				"Machine": {
					"rotation": {
						"0.2": [0, 0, 0],
						"1.6": [0, 0, 0]
					},
					"position": {
						"0.2": [0, 0, 0],
						"1.6": [0, 0, 0]
					},
					"scale": {
						"0.2": [1, 1, 1],
						"1.6": [1, 1, 1]
					}
				},
				"screen": {
					"rotation": {
						"0.2": [22.5, 0, 0],
						"1.04": [22.5, 0, 0],
						"1.32": [22.5, 0, 0],
						"1.64": [-5, 0, 0],
						"1.84": [0, 0, 0]
					},
					"position": {
						"0.2": [0, -4, 0],
						"0.64": [0, -4, 0],
						"1.04": [0, -4, 0],
						"1.32": [0, 0, 0]
					},
					"scale": {
						"0.2": [1, 1, 1],
						"0.64": [1, 1, 1],
						"1.04": [1, 1, 1],
						"1.32": [1, 1.2, 1],
						"2.36": [1, 1, 1]
					}
				},
				"glass": {
					"rotation": {
						"0.2": [0, 0, 0],
						"0.96": [0, 0, 0],
						"1.92": [0, 0, 0]
					},
					"position": [0, 0, 0],
					"scale": {
						"0.2": [1, 0, 1],
						"1.68": [1, 0, 1],
						"2.68": [1, 1, 1]
					}
				},
				"left_tube": {
					"rotation": [0, 0, 0],
					"position": [0, 0, 0],
					"scale": {
						"1.72": [0, 0, 0],
						"1.88": [1.2, 1.2, 1.2],
						"2.0": [1, 1, 1]
					}
				},
				"right_tube": {
					"rotation": [0, 0, 0],
					"position": [0, 0, 0],
					"scale": {
						"2.12": [0, 0, 0],
						"2.28": [1.2, 1.2, 1.2],
						"2.4": [1, 1, 1]
					}
				},
				"top_crochets": {
					"rotation": [0, 0, 0],
					"position": [0, -16, 0],
					"scale": {
						"0.2": [1, 1, 1],
						"0.96": [1, 1, 1]
					}
				},
				"frontcrochet": {
					"rotation": {
						"0.56": [45, 0, 0],
						"0.92": [45, 0, 0],
						"1.96": [0, 0, 0]
					},
					"position": {
						"0.56": [0, 0, 0],
						"1.96": [0, 0, 0]
					},
					"scale": {
						"0.56": [1, 1, 1],
						"1.96": [1, 1, 1]
					}
				},
				"rightcrochet": {
					"rotation": {
						"0.56": [0, 0, 45],
						"0.92": [0, 0, 45],
						"1.96": [0, 0, 0]
					},
					"position": {
						"0.56": [0, 0, 0],
						"1.96": [0, 0, 0]
					},
					"scale": 1
				},
				"leftcrochet": {
					"rotation": {
						"0.56": [0, 0, -45],
						"0.92": [0, 0, -45],
						"1.96": [0, 0, 0]
					},
					"position": {
						"0.56": [0, 0, 0],
						"1.96": [0, 0, 0]
					},
					"scale": 1
				},
				"backcrochet": {
					"rotation": {
						"0.56": [45, 0, 0],
						"0.92": [45, 0, 0],
						"1.96": [0, 0, 0]
					},
					"position": {
						"0.56": [0, 0, 0],
						"1.96": [0, 0, 0]
					},
					"scale": 1
				},
				"back_tube": {
					"rotation": [0, 0, 0],
					"position": [0, 0, 0],
					"scale": {
						"1.92": [0, 0, 0],
						"2.08": [1.2, 1.2, 1.2],
						"2.2": [1, 1, 1]
					}
				},
				"plantsurface": {
					"rotation": [0, 0, 0],
					"position": {
						"0.2": [0, -3, 0],
						"0.52": [0, -3, 0],
						"1.48": [0, 0, 0]
					},
					"scale": 1
				},
				"mediumplatform": {
					"rotation": {
						"0.2": [0, 0, 0],
						"0.52": [0, 0, 0]
					},
					"position": {
						"0.2": [0, -2.25, 0],
						"0.52": [0, -2.25, 0],
						"1.28": [0, -0.25, 0]
					},
					"scale": {
						"0.2": [1, 1, 1],
						"0.52": [1, 1.1, 1],
						"1.56": [1, 1, 1]
					}
				},
				"baseplatform": {
					"rotation": [0, 0, 0],
					"position": [0, 0, 0],
					"scale": 1
				},
				"topplatform": {
					"rotation": [0, 0, 0],
					"position": [0, -16, 0],
					"scale": 1
				},
				"ceilingplatform": {
					"rotation": [0, 0, 0],
					"position": [0, -16, 0],
					"scale": 1
				},
				"Box": {
					"rotation": [0, 0, 0],
					"position": [0, 0, 0],
					"scale": {
						"0.36": [1, 1, 1],
						"1.16": [1, 1.15, 1],
						"2.36": [1, 1, 1],
						"2.76": [0, 0, 0]
					}
				},
				"frontpanel": {
					"rotation": {
						"0.2": [0, 0, 0],
						"1.6": [90, 0, 0]
					},
					"position": {
						"0.2": [0, 0, 0],
						"1.6": [0, 0, 0],
						"2.2": [0, 0, 16]
					},
					"scale": 1
				},
				"rightpanel": {
					"rotation": {
						"0.2": [0, 0, 0],
						"1.6": [0, 0, 90]
					},
					"position": {
						"0.2": [0, 0, 0],
						"1.6": [0, 0, 0],
						"2.2": [-16, 0, 0]
					},
					"scale": 1
				},
				"leftpanel": {
					"rotation": {
						"0.2": [0, 0, 0],
						"1.6": [0, 0, -90]
					},
					"position": {
						"0.2": [0, 0, 0],
						"1.6": [0, 0, 0],
						"2.2": [16, 0, 0]
					},
					"scale": 1
				},
				"backpanel": {
					"rotation": {
						"0.2": [0, 0, 0],
						"1.6": [-90, 0, 0]
					},
					"position": {
						"0.2": [0, 0, 0],
						"1.6": [0, 0, 0],
						"2.2": [0, 0, -16]
					},
					"scale": 1
				},
				"toppanel": {
					"rotation": {
						"0.2": [0, 0, 0],
						"0.8": [0, 0, 23.33],
						"1.6": [0, 0, -87.5]
					},
					"position": [0, 0, 0],
					"scale": 1
				},
				"topmachine": {
					"rotation": {
						"0.2": [0, 180, 0],
						"0.88": [0, 180, 0],
						"1.6": [0, 0, 0]
					},
					"position": {
						"0.2": [0, -5, 0],
						"0.88": [0, -5, 0],
						"1.6": [0, 16, 0]
					},
					"scale": {
						"0.2": [1, 1, 1],
						"0.88": [1, 1, 1],
						"1.24": [1, 1.3, 1],
						"1.6": [1, 1, 1]
					}
				}
			}
		},
		"idle": {
			"loop": true,
			"animation_length": 1,
			"bones": {
				"Machine": {
					"rotation": {
						"0.0": {
							"vector": [0, 0, 0]
						},
						"1.0": {
							"vector": [0, 0, 0]
						}
					},
					"position": {
						"0.0": {
							"vector": [0, 0, 0]
						},
						"1.0": {
							"vector": [0, 0, 0]
						}
					},
					"scale": {
						"0.0": {
							"vector": [1, 1, 1]
						},
						"1.0": {
							"vector": [1, 1, 1]
						}
					}
				},
				"Box": {
					"scale": {
						"0.0": {
							"vector": [0, 0, 0]
						},
						"1.0": {
							"vector": [0, 0, 0]
						}
					}
				}
			}
		}
	},
	"geckolib_format_version": 2
}