{
  "name": "bot_tc",
  "progressTexture": "multiblocked:textures/gui/progress_bar_arrow.png",
  "recipes": [
    {
      "uid": "0",
      "duration": 300,
      "inputs": {
        "item": [
          {
            "content": {
              "amount": 1,
              "matches": [
                "{id:\"thaumcraft:amulet_vis\",Count:1b,Damage:1s}"
              ]
            },
            "chance": 1.0
          },
          {
            "content": {
              "amount": 1,
              "matches": [
                "{id:\"thaumcraft:amulet_vis\",Count:1b,Damage:0s}"
              ]
            },
            "chance": 1.0
          },
          {
            "content": {
              "amount": 1,
              "matches": [
                "{id:\"botania:pixiering\",Count:1b,Damage:0s}"
              ]
            },
            "chance": 1.0
          },
          {
            "content": {
              "amount": 1,
              "matches": [
                "{id:\"botania:supertravelbelt\",Count:1b,Damage:0s}"
              ]
            },
            "chance": 1.0
          }
        ],
        "bot_mana": [
          {
            "content": 100,
            "chance": 1.0
          }
        ],
        "tc6_aspect": [
          {
            "content": {
              "aspect": "aer",
              "amount": 10
            },
            "chance": 1.0
          },
          {
            "content": {
              "aspect": "aqua",
              "amount": 10
            },
            "chance": 1.0
          }
        ]
      },
      "outputs": {
        "item": [
          {
            "content": {
              "amount": 1,
              "matches": [
                "{id:\"minecraft:enchanting_table\",Count:1b,Damage:0s}"
              ]
            },
            "chance": 1.0
          }
        ]
      }
    }
  ]
}