{
  "name": "SteelEBF",
  "progressTexture": "multiblocked:textures/gui/progress_bar_arrow.png",
  "recipes": [
    {
      "uid": "473f1604-daca-4689-bb3f-c005093665f8",
      "duration": 1200,
      "inputs": {
        "item": [
          {
            "content": {
              "type": "multiblocked:sized",
              "count": 1,
              "ingredient": {
                "item": "minecraft:iron_ingot"
              }
            },
            "chance": 1.0
          }
        ],
        "fluid": [
          {
            "content": {
              "fluid": "steampowered:steam",
              "amount": 1000
            },
            "chance": 1.0
          }
        ]
      },
      "outputs": {
        "item": [
          {
            "content": {
              "type": "multiblocked:sized",
              "count": 1,
              "ingredient": {
                "item": "immersiveengineering:ingot_steel"
              }
            },
            "chance": 1.0
          }
        ]
      }
    }
  ]
}