{
  "name": "tesla",
  "progressTexture": "multiblocked:textures/gui/progress_bar_arrow.png",
  "recipes": [
    {
      "uid": "954c6e58-4397-4669-ba0a-fc398a3e3a09",
      "duration": 100,
      "inputs": {
        "item": [
          {
            "content": {
              "amount": 1,
              "matches": {
                "item": "minecraft:iron_ingot"
              }
            },
            "chance": 1.0
          }
        ]
      },
      "outputs": {},
      "tickInputs": {},
      "tickOutputs": {}
    }
  ]
}