{
	"format_version": "1.8.0",
	"animations": {
		"working": {
			"loop": true,
			"animation_length": 6.24,
			"bones": {
				"bottomrotation": {
					"rotation": {
						"0.0": {
							"vector": [0, 0, 0]
						},
						"6.24": {
							"vector": [0, 360, 0]
						}
					}
				},
				"assemblylight1": {
					"rotation": {
						"vector": [37.5, 0, 0]
					}
				},
				"assemblylight2": {
					"rotation": {
						"vector": [-37.5, 0, 0]
					}
				},
				"assemblylight3": {
					"rotation": {
						"vector": [35, 0, 0]
					}
				},
				"assemblylight4": {
					"rotation": {
						"vector": [-37.5, 0, 0]
					}
				},
				"toprotation": {
					"rotation": {
						"0.0": {
							"vector": [0, 0, 0]
						},
						"6.24": {
							"vector": [0, -360, 0]
						}
					}
				},
				"assemblylight5": {
					"rotation": {
						"vector": [-37.5, 0, 0]
					}
				},
				"assemblylight6": {
					"rotation": {
						"vector": [37.5, 0, 0]
					}
				},
				"assemblylight7": {
					"rotation": {
						"vector": [-37.5, 0, 0]
					}
				},
				"assemblylight8": {
					"rotation": {
						"vector": [37.5, 0, 0]
					}
				},
				"activeeffect": {
					"rotation": {
						"0.0": {
							"vector": [0, 0, 0]
						},
						"6.24": {
							"vector": [1080, -720, 1440]
						}
					},
					"position": {
						"0.0": {
							"vector": [0, 0, 0]
						},
						"1.56": {
							"vector": [0, 2, 0],
							"easing": "easeOutSine"
						},
						"4.68": {
							"vector": [0, -2, 0],
							"easing": "easeInOutSine"
						},
						"6.24": {
							"vector": [0, 0, 0],
							"easing": "easeInSine"
						}
					},
					"scale": {
						"0.0": {
							"vector": [1, 1, 1]
						},
						"3.12": {
							"vector": [1.2, 1.2, 1.2],
							"easing": "easeInOutSine"
						},
						"6.24": {
							"vector": [1, 1, 1],
							"easing": "easeInOutSine"
						}
					}
				}
			}
		},
		"idle": {
			"loop": true,
			"bones": {
				"activeeffect": {
					"position": {
						"vector": [0, -12, 0]
					}
				}
			}
		},
		"idle-working": {
			"animation_length": 1.45833,
			"bones": {
				"activeeffect": {
					"position": {
						"0.0": {
							"vector": [0, -12, 0]
						},
						"1.0": {
							"vector": [0, 0, 0],
							"easing": "easeOutCirc"
						}
					}
				}
			}
		},
		"working-idle": {
			"animation_length": 1.45833,
			"bones": {
				"activeeffect": {
					"position": {
						"0.0": {
							"vector": [0, 0, 0],
							"easing": "easeOutCirc"
						},
						"1.0": {
							"vector": [0, -12, 0],
							"easing": "easeInQuint"
						}
					}
				}
			}
		}
	},
	"geckolib_format_version": 2
}