{
	"format_version": "1.8.0",
	"animations": {
		"idle": {
			"loop": true,
			"animation_length": 1,
			"bones": {
				"body": {
					"scale": {
						"0.0": {
							"vector": [1, 1, 1]
						},
						"0.5": {
							"vector": [1, 0.3, 1],
							"easing": "easeOutCubic"
						},
						"1.0": {
							"vector": [1, 1, 1],
							"easing": "easeOutCubic"
						}
					}
				},
				"piston": {
					"position": {
						"0.0": {
							"vector": [0, 0, 0]
						},
						"0.5": {
							"vector": [0, -8, 0],
							"easing": "easeOutCubic"
						},
						"1.0": {
							"vector": [0, 0, 0],
							"easing": "easeOutCubic"
						}
					}
				}
			}
		}
	},
	"geckolib_format_version": 2
}