{
  "consumeCatalyst": false,
  "location": "bpa:custom_mixer",
  "traits": {},
  "allowRotate": true,
  "showInJei": true,
  "baseRenderer": {
    "baseTexture": "multiblocked:blocks/gregtech_base",
    "frontTexture": "multiblocked:blocks/overlay/overlay_front_active",
    "type": "gregtech"
  },
  "workingRenderer": {
    "baseTexture": "multiblocked:blocks/gregtech_base",
    "frontTexture": "multiblocked:blocks/overlay/overlay_front_active",
    "type": "gregtech"
  },
  "properties": {
    "isOpaque": true,
    "destroyTime": 1.5,
    "explosionResistance": 6.0,
    "lightEmissive": 0,
    "speedFactor": 1.0,
    "jumpFactor": 1.0,
    "friction": 0.6,
    "hasCollision": true,
    "tabGroup": "multiblocked.all",
    "stackSize": 64
  },
  "basePattern": {
    "structureDir": [
      "BACK",
      "UP",
      "RIGHT"
    ],
    "pattern": [
      [
        "AA AA",
        "BB BB",
        "BB BB",
        "BB BB"
      ],
      [
        "AACAA",
        "BBABB",
        "BBABB",
        "BB BB"
      ],
      [
        " @AD ",
        " A E ",
        " AAA ",
        "     "
      ],
      [
        "AACAA",
        "BBABB",
        "BBABB",
        "BB BB"
      ],
      [
        "AA AA",
        "BB BB",
        "BB BB",
        "BB BB"
      ]
    ],
    "aisleRepetitions": [
      [
        1,
        1
      ],
      [
        1,
        1
      ],
      [
        1,
        1
      ],
      [
        1,
        1
      ],
      [
        1,
        1
      ]
    ],
    "predicates": {
      "A": {
        "blocks": [
          {
            "id": "create:brass_casing"
          }
        ],
        "type": "blocks"
      },
      "controller": {
        "location": "bpa:custom_mixer",
        "type": "component"
      },
      "B": {
        "blocks": [
          {
            "id": "create:fluid_tank"
          }
        ],
        "type": "blocks"
      },
      "C": {
        "blocks": [
          {
            "id": "multiblocked:fluid_input"
          }
        ],
        "type": "blocks"
      },
      "D": {
        "blocks": [
          {
            "id": "multiblocked:energy_input"
          }
        ],
        "type": "blocks"
      },
      "E": {
        "blocks": [
          {
            "id": "multiblocked:fluid_output"
          }
        ],
        "type": "blocks"
      },
      "any": {
        "type": "any"
      }
    },
    "symbolMap": {
      "@": [
        "controller"
      ],
      " ": [
        "any"
      ],
      "A": [
        "A"
      ],
      "B": [
        "B"
      ],
      "C": [
        "C"
      ],
      "D": [
        "D"
      ],
      "E": [
        "E"
      ]
    }
  },
  "recipeMap": "Custom Mixer"
}