{
  "consumeCatalyst": false,
  "location": "mbd:ebf",
  "traits": {},
  "allowRotate": true,
  "showInJei": true,
  "baseRenderer": {
    "baseTexture": "multiblocked:blocks/casing/ebf_casing",
    "frontTexture": "multiblocked:blocks/overlay/overlay_front",
    "type": "gregtech"
  },
  "workingRenderer": {
    "baseTexture": "multiblocked:blocks/casing/ebf_casing",
    "frontTexture": "multiblocked:blocks/overlay/overlay_front_active",
    "type": "gregtech"
  },
  "properties": {
    "isOpaque": true,
    "destroyTime": 5.0,
    "explosionResistance": 6.0,
    "lightEmissive": 0,
    "speedFactor": 1.0,
    "jumpFactor": 1.0,
    "friction": 0.6,
    "hasCollision": true,
    "tabGroup": "multiblocked.all",
    "stackSize": 64
  },
  "basePattern": {
    "structureDir": [
      "FRONT",
      "LEFT",
      "UP"
    ],
    "pattern": [
      [
        "AAA",
        "AA@",
        "AAA"
      ],
      [
        "BBB",
        "B B",
        "BBB"
      ],
      [
        "AAA",
        "AAA",
        "AAA"
      ]
    ],
    "aisleRepetitions": [
      [
        1,
        1
      ],
      [
        1,
        4
      ],
      [
        1,
        1
      ]
    ],
    "predicates": {
      "casing": {
        "blocks": [
          {
            "id": "mbd:ebf_casing"
          }
        ],
        "type": "blocks"
      },
      "coil": {
        "blocks": [
          {
            "id": "mbd:coil"
          }
        ],
        "type": "blocks"
      },
      "controller": {
        "location": "mbd:ebf",
        "type": "component"
      },
      "item_in": {
        "location": "mbd:item_bus_in",
        "type": "component",
        "minCount": 1,
        "maxCount": 2,
        "previewCount": 1
      },
      "item_out": {
        "location": "mbd:item_bus_out",
        "type": "component",
        "minCount": 1,
        "maxCount": 2,
        "previewCount": 1
      },
      "any": {
        "type": "any"
      },
      "fluid_out": {
        "location": "mbd:fluid_hatch_out",
        "type": "component",
        "minCount": 0,
        "maxCount": 1,
        "previewCount": 1
      },
      "energy_in": {
        "location": "mbd:energy_input",
        "type": "component",
        "minCount": 1,
        "maxCount": 2,
        "previewCount": 1
      },
      "fluid_in": {
        "location": "mbd:fluid_hatch_in",
        "type": "component",
        "minCount": 0,
        "maxCount": 1,
        "previewCount": 1
      }
    },
    "symbolMap": {
      "@": [
        "controller"
      ],
      " ": [
        "any"
      ],
      "A": [
        "casing",
        "item_in",
        "item_out",
        "fluid_out",
        "energy_in",
        "fluid_in"
      ],
      "B": [
        "coil"
      ]
    }
  },
  "recipeMap": "Ebf_recipes"
}