{
  "name": "He_assembler",
  "progressTexture": "multiblocked:textures/progress_bar/progress_bar_arc_furnace.png",
  "recipes": [
    {
      "uid": "ccca1619-8525-43ba-b8e0-4c0698ea59e3",
      "duration": 120,
      "inputs": {
        "item": [
          {
            "content": {
              "type": "multiblocked:sized",
              "count": 2,
              "ingredient": {
                "item": "minecraft:nether_star"
              }
            },
            "chance": 1.0
          },
          {
            "content": {
              "type": "multiblocked:sized",
              "count": 2,
              "tag": "forge:wires/lead"
            },
            "chance": 1.0
          },
          {
            "content": {
              "type": "multiblocked:sized",
              "count": 4,
              "ingredient": {
                "item": "refinedstorage:processor_binding"
              }
            },
            "chance": 1.0
          },
          {
            "content": {
              "type": "multiblocked:sized",
              "count": 4,
              "tag": "forge:silicon"
            },
            "chance": 1.0
          }
        ],
        "fluid": [
          {
            "content": {
              "fluid": "thermal:redstone",
              "amount": 100
            },
            "chance": 1.0
          }
        ],
        "forge_energy": [
          {
            "content": 18000,
            "chance": 1.0
          }
        ]
      },
      "outputs": {
        "item": [
          {
            "content": {
              "type": "multiblocked:sized",
              "count": 4,
              "ingredient": {
                "item": "extradisks:withering_processor"
              }
            },
            "chance": 1.0
          }
        ]
      }
    },
    {
      "uid": "0753449d-f8c3-452f-8dcc-fb463a451791",
      "duration": 120,
      "inputs": {
        "item": [
          {
            "content": {
              "type": "multiblocked:sized",
              "count": 2,
              "ingredient": {
                "item": "refinedstorage:improved_processor"
              }
            },
            "chance": 1.0
          },
          {
            "content": {
              "type": "multiblocked:sized",
              "count": 2,
              "ingredient": {
                "item": "refinedstorage:advanced_processor"
              }
            },
            "chance": 1.0
          },
          {
            "content": {
              "type": "multiblocked:sized",
              "count": 4,
              "ingredient": {
                "item": "refinedstorage:processor_binding"
              }
            },
            "chance": 1.0
          },
          {
            "content": {
              "type": "multiblocked:sized",
              "count": 4,
              "tag": "forge:silicon"
            },
            "chance": 1.0
          }
        ],
        "fluid": [
          {
            "content": {
              "fluid": "thermal:redstone",
              "amount": 100
            },
            "chance": 1.0
          }
        ],
        "forge_energy": [
          {
            "content": 18000,
            "chance": 1.0
          }
        ]
      },
      "outputs": {
        "item": [
          {
            "content": {
              "type": "multiblocked:sized",
              "count": 4,
              "ingredient": {
                "item": "extrastorage:neural_processor"
              }
            },
            "chance": 1.0
          }
        ]
      }
    }
  ]
}