{
	"credit": "Made with Blockbench",
	"texture_size": [80, 80],
	"textures": {
		"0": "multiblocked:electrolytic",
		"particle": "multiblocked:electrolytic"
	},
	"elements": [
		{
			"from": [0, 0, 0],
			"to": [16, 2, 16],
			"rotation": {"angle": 0, "axis": "y", "origin": [8, 16, 8]},
			"faces": {
				"north": {"uv": [9.6, 15.6, 12.8, 16], "texture": "#0"},
				"east": {"uv": [6.4, 15.6, 9.6, 16], "texture": "#0"},
				"south": {"uv": [3.2, 15.6, 6.4, 16], "texture": "#0"},
				"west": {"uv": [0, 15.6, 3.2, 16], "texture": "#0"},
				"up": {"uv": [6.4, 15.6, 3.2, 12.4], "rotation": 180, "texture": "#0"},
				"down": {"uv": [9.6, 12.4, 6.4, 15.6], "rotation": 180, "texture": "#0"}
			}
		},
		{
			"from": [4, 2, 1],
			"to": [15, 14, 15],
			"rotation": {"angle": 0, "axis": "y", "origin": [8, 16, 8]},
			"faces": {
				"north": {"uv": [11.8, 3.2, 14, 5.6], "texture": "#0"},
				"east": {"uv": [9, 3.2, 11.8, 5.6], "texture": "#0"},
				"south": {"uv": [6.8, 3.2, 9, 5.6], "texture": "#0"},
				"west": {"uv": [4, 3.2, 6.8, 5.6], "texture": "#0"},
				"up": {"uv": [9, 3.2, 6.8, 0.4], "rotation": 180, "texture": "#0"},
				"down": {"uv": [11.2, 0.4, 9, 3.2], "rotation": 180, "texture": "#0"}
			}
		},
		{
			"from": [5, 14, 7],
			"to": [11, 30, 13],
			"rotation": {"angle": 0, "axis": "y", "origin": [8, 16, 8]},
			"faces": {
				"north": {"uv": [14.8, 7.4, 16, 10.6], "texture": "#0"},
				"east": {"uv": [13.6, 7.4, 14.8, 10.6], "texture": "#0"},
				"south": {"uv": [12.4, 7.4, 13.6, 10.6], "texture": "#0"},
				"west": {"uv": [11.2, 7.4, 12.4, 10.6], "texture": "#0"},
				"up": {"uv": [13.6, 7.4, 12.4, 6.2], "rotation": 180, "texture": "#0"},
				"down": {"uv": [14.8, 6.2, 13.6, 7.4], "rotation": 180, "texture": "#0"}
			}
		},
		{
			"from": [12, 15, 9],
			"to": [14, 30, 11],
			"rotation": {"angle": 0, "axis": "y", "origin": [8, 16, 8]},
			"faces": {
				"north": {"uv": [15.6, 0.4, 16, 3.4], "texture": "#0"},
				"east": {"uv": [15.2, 0.4, 15.6, 3.4], "texture": "#0"},
				"south": {"uv": [14.8, 0.4, 15.2, 3.4], "texture": "#0"},
				"west": {"uv": [14.4, 0.4, 14.8, 3.4], "texture": "#0"},
				"up": {"uv": [15.2, 0.4, 14.8, 0], "rotation": 180, "texture": "#0"},
				"down": {"uv": [15.6, 0, 15.2, 0.4], "rotation": 180, "texture": "#0"}
			}
		},
		{
			"from": [11.5, 14, 8.5],
			"to": [14.5, 15, 11.5],
			"rotation": {"angle": 0, "axis": "y", "origin": [8, 16, 8]},
			"faces": {
				"north": {"uv": [15.4, 5.6, 16, 5.8], "texture": "#0"},
				"east": {"uv": [14.8, 5.6, 15.4, 5.8], "texture": "#0"},
				"south": {"uv": [14.2, 5.6, 14.8, 5.8], "texture": "#0"},
				"west": {"uv": [13.6, 5.6, 14.2, 5.8], "texture": "#0"},
				"up": {"uv": [14.8, 5.6, 14.2, 5], "rotation": 180, "texture": "#0"},
				"down": {"uv": [15.4, 5, 14.8, 5.6], "rotation": 180, "texture": "#0"}
			}
		},
		{
			"from": [11, 28, 9],
			"to": [12, 30, 11],
			"rotation": {"angle": 0, "axis": "y", "origin": [8, 16, 8]},
			"faces": {
				"north": {"uv": [14.6, 12.8, 14.8, 13.2], "texture": "#0"},
				"east": {"uv": [14.2, 12.8, 14.6, 13.2], "texture": "#0"},
				"south": {"uv": [14, 12.8, 14.2, 13.2], "texture": "#0"},
				"west": {"uv": [13.6, 12.8, 14, 13.2], "texture": "#0"},
				"up": {"uv": [14.2, 12.8, 14, 12.4], "rotation": 180, "texture": "#0"},
				"down": {"uv": [14.4, 12.4, 14.2, 12.8], "rotation": 180, "texture": "#0"}
			}
		},
		{
			"from": [11, 18, 9],
			"to": [12, 25, 11],
			"rotation": {"angle": 0, "axis": "y", "origin": [8, 16, 8]},
			"faces": {
				"north": {"uv": [11.8, 11.8, 12, 13.2], "texture": "#0"},
				"east": {"uv": [11.4, 11.8, 11.8, 13.2], "texture": "#0"},
				"south": {"uv": [11.2, 11.8, 11.4, 13.2], "texture": "#0"},
				"west": {"uv": [10.8, 11.8, 11.2, 13.2], "texture": "#0"},
				"up": {"uv": [11.4, 11.8, 11.2, 11.4], "rotation": 180, "texture": "#0"},
				"down": {"uv": [11.6, 11.4, 11.4, 11.8], "rotation": 180, "texture": "#0"}
			}
		},
		{
			"from": [0, 5, 4],
			"to": [16, 13, 12],
			"rotation": {"angle": 0, "axis": "y", "origin": [8, 16, 8]},
			"faces": {
				"north": {"uv": [7.2, 10.4, 10.4, 12], "texture": "#0"},
				"east": {"uv": [5.6, 10.4, 7.2, 12], "texture": "#0"},
				"south": {"uv": [2.4, 10.4, 5.6, 12], "texture": "#0"},
				"west": {"uv": [0.8, 10.4, 2.4, 12], "texture": "#0"},
				"up": {"uv": [5.6, 10.4, 2.4, 8.8], "rotation": 180, "texture": "#0"},
				"down": {"uv": [8.8, 8.8, 5.6, 10.4], "rotation": 180, "texture": "#0"}
			}
		},
		{
			"from": [4, 5, 15],
			"to": [12, 13, 16],
			"rotation": {"angle": 0, "axis": "y", "origin": [8, 16, 8]},
			"faces": {
				"north": {"uv": [9.4, 7, 11, 8.6], "texture": "#0"},
				"east": {"uv": [9.2, 7, 9.4, 8.6], "texture": "#0"},
				"south": {"uv": [7.6, 7, 9.2, 8.6], "texture": "#0"},
				"west": {"uv": [7.4, 7, 7.6, 8.6], "texture": "#0"},
				"up": {"uv": [9.2, 7, 7.6, 6.8], "rotation": 180, "texture": "#0"},
				"down": {"uv": [10.8, 6.8, 9.2, 7], "rotation": 180, "texture": "#0"}
			}
		},
		{
			"from": [1, 2, 1],
			"to": [4, 10, 14],
			"rotation": {"angle": 0, "axis": "y", "origin": [8, 16, 8]},
			"faces": {
				"north": {"uv": [15.4, 13.4, 16, 15], "texture": "#0"},
				"east": {"uv": [12.8, 13.4, 15.4, 15], "texture": "#0"},
				"south": {"uv": [12.2, 13.4, 12.8, 15], "texture": "#0"},
				"west": {"uv": [9.6, 13.4, 12.2, 15], "texture": "#0"},
				"up": {"uv": [12.8, 13.4, 12.2, 10.8], "rotation": 180, "texture": "#0"},
				"down": {"uv": [13.4, 10.8, 12.8, 13.4], "rotation": 180, "texture": "#0"}
			}
		},
		{
			"from": [1, 10, 1],
			"to": [4, 14, 4],
			"rotation": {"angle": 0, "axis": "y", "origin": [8, 16, 8]},
			"faces": {
				"north": {"uv": [3, 4.6, 3.6, 5.4], "texture": "#0"},
				"east": {"uv": [2.4, 4.6, 3, 5.4], "texture": "#0"},
				"south": {"uv": [1.8, 4.6, 2.4, 5.4], "texture": "#0"},
				"west": {"uv": [1.2, 4.6, 1.8, 5.4], "texture": "#0"},
				"up": {"uv": [2.4, 4.6, 1.8, 4], "rotation": 180, "texture": "#0"},
				"down": {"uv": [3, 4, 2.4, 4.6], "rotation": 180, "texture": "#0"}
			}
		},
		{
			"from": [1, 14, 1],
			"to": [6, 18, 4],
			"rotation": {"angle": 0, "axis": "y", "origin": [8, 16, 8]},
			"faces": {
				"north": {"uv": [5.6, 2.2, 6.6, 3], "texture": "#0"},
				"east": {"uv": [5, 2.2, 5.6, 3], "texture": "#0"},
				"south": {"uv": [4, 2.2, 5, 3], "texture": "#0"},
				"west": {"uv": [3.4, 2.2, 4, 3], "texture": "#0"},
				"up": {"uv": [5, 2.2, 4, 1.6], "rotation": 180, "texture": "#0"},
				"down": {"uv": [6, 1.6, 5, 2.2], "rotation": 180, "texture": "#0"}
			}
		},
		{
			"from": [0, 15.31371, -0.01472],
			"to": [7, 17.31371, 4.98528],
			"rotation": {"angle": -22.5, "axis": "x", "origin": [2, 16, 0]},
			"faces": {
				"north": {"uv": [5.4, 6.2, 4, 5.8], "rotation": 180, "texture": "#0"},
				"east": {"uv": [3.6, 6.2, 4, 7.2], "rotation": 90, "texture": "#0"},
				"south": {"uv": [6.8, 5.8, 5.4, 6.2], "texture": "#0"},
				"west": {"uv": [5.4, 6.2, 5.8, 7.2], "rotation": 270, "texture": "#0"},
				"up": {"uv": [5.8, 6.2, 7.2, 7.2], "texture": "#0"},
				"down": {"uv": [4, 6.2, 5.4, 7.2], "rotation": 180, "texture": "#0"}
			}
		}
	],
	"display": {
		"thirdperson_righthand": {
			"rotation": [75, 45, 0],
			"translation": [0, 2.5, 0],
			"scale": [0.375, 0.375, 0.375]
		},
		"thirdperson_lefthand": {
			"rotation": [75, 45, 0],
			"translation": [0, 2.5, 0],
			"scale": [0.375, 0.375, 0.375]
		},
		"firstperson_righthand": {
			"rotation": [0, 45, 0],
			"scale": [0.4, 0.4, 0.4]
		},
		"firstperson_lefthand": {
			"rotation": [0, 225, 0],
			"scale": [0.4, 0.4, 0.4]
		},
		"ground": {
			"translation": [0, 3, 0],
			"scale": [0.25, 0.25, 0.25]
		},
		"gui": {
			"rotation": [30, 225, 0],
			"scale": [0.625, 0.625, 0.625]
		},
		"fixed": {
			"scale": [0.5, 0.5, 0.5]
		}
	},
	"groups": [
		{
			"name": "bone",
			"origin": [-8, 0, -8],
			"color": 0,
			"children": [0, 1, 2, 3, 4, 5, 6, 7, 8, 9, 10, 11, 12]
		}
	]
}