{
	"credit": "Made with Blockbench",
	"parent": "minecraft:block/block",
	"textures": {
		"0": "multiblocked:fusion_sun",
		"particle": "multiblocked:fusion_sun"
	},
	"elements": [
		{
			"from": [0, 0, 0],
			"to": [16, 16, 16],
			"faces": {
				"north": {"uv": [4.1875, 10.625, 5.1875, 11.625], "texture": "#0"},
				"east": {"uv": [4.1875, 10.625, 5.1875, 11.625], "texture": "#0"},
				"south": {"uv": [4.1875, 10.625, 5.1875, 11.625], "texture": "#0"},
				"west": {"uv": [4.1875, 10.625, 5.1875, 11.625], "texture": "#0"},
				"up": {"uv": [5.4375, 9.5, 6.4375, 10.5], "texture": "#0"},
				"down": {"uv": [6.6875, 9.5, 7.6875, 10.5], "texture": "#0"}
			}
		}
	]
}