{
	"credit": "Made with Blockbench",
	"texture_size": [128, 128],
	"textures": {
		"0": "multiblocked:head",
		"particle": "multiblocked:head"
	},
	"elements": [
		{
			"from": [10, 1, 7],
			"to": [15, 15, 15],
			"faces": {
				"north": {"uv": [1.25, 7, 1.875, 8.75], "texture": "#0"},
				"east": {"uv": [0.25, 7, 1.25, 8.75], "texture": "#0"},
				"south": {"uv": [2.875, 7, 3.5, 8.75], "texture": "#0"},
				"west": {"uv": [1.875, 7, 2.875, 8.75], "texture": "#0"},
				"up": {"uv": [1.875, 7, 1.25, 6], "texture": "#0"},
				"down": {"uv": [2.5, 6, 1.875, 7], "texture": "#0"}
			}
		},
		{
			"from": [1, 1, 1],
			"to": [15, 15, 6],
			"faces": {
				"north": {"uv": [5, 4.125, 6.75, 5.875], "texture": "#0"},
				"east": {"uv": [4.375, 4.125, 5, 5.875], "texture": "#0"},
				"south": {"uv": [7.375, 4.125, 9.125, 5.875], "texture": "#0"},
				"west": {"uv": [6.75, 4.125, 7.375, 5.875], "texture": "#0"},
				"up": {"uv": [6.75, 4.125, 5, 3.5], "texture": "#0"},
				"down": {"uv": [8.5, 3.5, 6.75, 4.125], "texture": "#0"}
			}
		},
		{
			"from": [3, 1, 6],
			"to": [10, 12, 13],
			"faces": {
				"north": {"uv": [4.5, 7, 5.375, 8.375], "texture": "#0"},
				"east": {"uv": [3.625, 7, 4.5, 8.375], "texture": "#0"},
				"south": {"uv": [6.25, 7, 7.125, 8.375], "texture": "#0"},
				"west": {"uv": [5.375, 7, 6.25, 8.375], "texture": "#0"},
				"up": {"uv": [5.375, 7, 4.5, 6.125], "texture": "#0"},
				"down": {"uv": [6.25, 6.125, 5.375, 7], "texture": "#0"}
			}
		},
		{
			"from": [1, 1, 7],
			"to": [9, 16, 15],
			"faces": {
				"north": {"uv": [1.25, 4, 2.25, 5.875], "texture": "#0"},
				"east": {"uv": [0.25, 4, 1.25, 5.875], "texture": "#0"},
				"south": {"uv": [3.25, 4, 4.25, 5.875], "texture": "#0"},
				"west": {"uv": [2.25, 4, 3.25, 5.875], "texture": "#0"},
				"up": {"uv": [2.25, 4, 1.25, 3], "texture": "#0"},
				"down": {"uv": [3.25, 3, 2.25, 4], "texture": "#0"}
			}
		},
		{
			"from": [0, 0, 0],
			"to": [16, 1, 16],
			"faces": {
				"north": {"uv": [2.25, 2.625, 4.25, 2.75], "texture": "#0"},
				"east": {"uv": [0.25, 2.625, 2.25, 2.75], "texture": "#0"},
				"south": {"uv": [6.25, 2.625, 8.25, 2.75], "texture": "#0"},
				"west": {"uv": [4.25, 2.625, 6.25, 2.75], "texture": "#0"},
				"up": {"uv": [4.25, 2.625, 2.25, 0.625], "texture": "#0"},
				"down": {"uv": [6.25, 0.625, 4.25, 2.625], "texture": "#0"}
			}
		}
	],
	"groups": [
		{
			"name": "ee",
			"origin": [8, 8, 8],
			"color": 0,
			"children": [0, 1, 2]
		},
		{
			"name": "gg",
			"origin": [0, 0, 0],
			"color": 0,
			"children": [3, 4]
		}
	]
}