{
  "credit": "Made with Blockbench",
  "parent": "minecraft:block/block",
  "textures": {
    "0": "multiblocked:blocks/casing/lv",
	"particle": "multiblocked:blocks/casing/lv"
  },
  "elements": [
    {
      "from": [6, 3, 2],
      "to": [10, 5, 14],
      "rotation": {"angle": 0, "axis": "y", "origin": [15, 4.5, 15]},
      "faces": {
        "north": {"uv": [8, 8, 12, 10], "texture": "#0"},
        "east": {"uv": [8, 8, 12, 10], "texture": "#0"},
        "south": {"uv": [8, 8, 12, 10], "texture": "#0"},
        "west": {"uv": [8, 8, 12, 10], "texture": "#0"},
        "up": {"uv": [8, 8, 12, 10], "texture": "#0"},
        "down": {"uv": [8, 8, 12, 10], "texture": "#0"}
      }
    },
    {
      "from": [5, 5, 2],
      "to": [11, 11, 14],
      "rotation": {"angle": 0, "axis": "y", "origin": [15, 6.5, 15]},
      "faces": {
        "north": {"uv": [8, 8, 12, 10], "texture": "#0"},
        "east": {"uv": [8, 8, 12, 10], "texture": "#0"},
        "south": {"uv": [8, 8, 12, 10], "texture": "#0"},
        "west": {"uv": [8, 8, 12, 10], "texture": "#0"},
        "up": {"uv": [8, 8, 12, 10], "texture": "#0"},
        "down": {"uv": [8, 8, 12, 10], "texture": "#0"}
      }
    },
    {
      "from": [3.0795, 4.20971, 2],
      "to": [7.3295, 6.20971, 14],
      "rotation": {"angle": -45, "axis": "z", "origin": [5.2045, 5.20971, 8]},
      "faces": {
        "north": {"uv": [8, 8, 12, 10], "texture": "#0"},
        "east": {"uv": [8, 8, 12, 10], "texture": "#0"},
        "south": {"uv": [8, 8, 12, 10], "texture": "#0"},
        "west": {"uv": [8, 8, 12, 10], "texture": "#0"},
        "up": {"uv": [8, 8, 12, 10], "texture": "#0"},
        "down": {"uv": [8, 8, 12, 10], "texture": "#0"}
      }
    },
    {
      "from": [3, 6, 2],
      "to": [5, 10, 14],
      "rotation": {"angle": 0, "axis": "y", "origin": [11, 8.5, 15]},
      "faces": {
        "north": {"uv": [8, 8, 12, 10], "texture": "#0"},
        "east": {"uv": [8, 8, 12, 10], "texture": "#0"},
        "south": {"uv": [8, 8, 12, 10], "texture": "#0"},
        "west": {"uv": [8, 8, 12, 10], "texture": "#0"},
        "up": {"uv": [8, 8, 12, 10], "texture": "#0"},
        "down": {"uv": [8, 8, 12, 10], "texture": "#0"}
      }
    },
    {
      "from": [3.12132, 9.70711, 2],
      "to": [7.37132, 11.70711, 14],
      "rotation": {"angle": 45, "axis": "z", "origin": [5.12132, 10.70711, 8]},
      "faces": {
        "north": {"uv": [8, 8, 12, 10], "texture": "#0"},
        "east": {"uv": [8, 8, 12, 10], "texture": "#0"},
        "south": {"uv": [8, 8, 12, 10], "texture": "#0"},
        "west": {"uv": [8, 8, 12, 10], "texture": "#0"},
        "up": {"uv": [8, 8, 12, 10], "texture": "#0"},
        "down": {"uv": [8, 8, 12, 10], "texture": "#0"}
      }
    },
    {
      "from": [6, 11, 2],
      "to": [10, 13, 14],
      "rotation": {"angle": 0, "axis": "y", "origin": [15, 12.5, 15]},
      "faces": {
        "north": {"uv": [8, 8, 12, 10], "texture": "#0"},
        "east": {"uv": [8, 8, 12, 10], "texture": "#0"},
        "south": {"uv": [8, 8, 12, 10], "texture": "#0"},
        "west": {"uv": [8, 8, 12, 10], "texture": "#0"},
        "up": {"uv": [8, 8, 12, 10], "texture": "#0"},
        "down": {"uv": [8, 8, 12, 10], "texture": "#0"}
      }
    },
    {
      "from": [8.66529, 9.7955, 2],
      "to": [12.91529, 11.7955, 14],
      "rotation": {"angle": -45, "axis": "z", "origin": [10.79029, 10.7955, 8]},
      "faces": {
        "north": {"uv": [8, 8, 12, 10], "texture": "#0"},
        "east": {"uv": [8, 8, 12, 10], "texture": "#0"},
        "south": {"uv": [8, 8, 12, 10], "texture": "#0"},
        "west": {"uv": [8, 8, 12, 10], "texture": "#0"},
        "up": {"uv": [8, 8, 12, 10], "texture": "#0"},
        "down": {"uv": [8, 8, 12, 10], "texture": "#0"}
      }
    },
    {
      "from": [11, 6, 2],
      "to": [13, 10, 14],
      "rotation": {"angle": 0, "axis": "y", "origin": [19, 8.5, 15]},
      "faces": {
        "north": {"uv": [8, 8, 12, 10], "texture": "#0"},
        "east": {"uv": [8, 8, 12, 10], "texture": "#0"},
        "south": {"uv": [8, 8, 12, 10], "texture": "#0"},
        "west": {"uv": [8, 8, 12, 10], "texture": "#0"},
        "up": {"uv": [8, 8, 12, 10], "texture": "#0"},
        "down": {"uv": [8, 8, 12, 10], "texture": "#0"}
      }
    },
    {
      "from": [8.70711, 4.12132, 2],
      "to": [12.95711, 6.12132, 14],
      "rotation": {"angle": 45, "axis": "z", "origin": [10.70711, 5.12132, 8]},
      "faces": {
        "north": {"uv": [8, 8, 12, 10], "texture": "#0"},
        "east": {"uv": [8, 8, 12, 10], "texture": "#0"},
        "south": {"uv": [8, 8, 12, 10], "texture": "#0"},
        "west": {"uv": [8, 8, 12, 10], "texture": "#0"},
        "up": {"uv": [8, 8, 12, 10], "texture": "#0"},
        "down": {"uv": [8, 8, 12, 10], "texture": "#0"}
      }
    },
    {
      "from": [6.5, 0.5, 3],
      "to": [7.5, 3, 5],
      "rotation": {"angle": 0, "axis": "y", "origin": [7, 1.5, 4]},
      "faces": {
        "north": {"uv": [8, 0, 9, 3], "texture": "#0"},
        "east": {"uv": [8, 0, 9, 3], "texture": "#0"},
        "south": {"uv": [8, 0, 9, 3], "texture": "#0"},
        "west": {"uv": [8, 0, 9, 3], "texture": "#0"},
        "up": {"uv": [8, 0, 9, 3], "texture": "#0"},
        "down": {"uv": [8, 0, 9, 3], "texture": "#0"}
      }
    },
    {
      "from": [6.4, 0.5, 3.25],
      "to": [6.5, 2, 4.75],
      "rotation": {"angle": 0, "axis": "y", "origin": [7.99167, 1.1, 8]},
      "faces": {
        "north": {"uv": [8, 0, 9, 3], "texture": "#0"},
        "east": {"uv": [8, 0, 9, 3], "texture": "#0"},
        "south": {"uv": [8, 0, 9, 3], "texture": "#0"},
        "west": {"uv": [8, 0, 9, 3], "texture": "#0"},
        "up": {"uv": [8, 0, 9, 3], "texture": "#0"},
        "down": {"uv": [8, 0, 9, 3], "texture": "#0"}
      }
    },
    {
      "from": [6.4, 14, 11.25],
      "to": [6.5, 15.5, 12.75],
      "rotation": {"angle": 0, "axis": "y", "origin": [7.99167, 14.9, 8]},
      "faces": {
        "north": {"uv": [8, 0, 9, 3], "rotation": 180, "texture": "#0"},
        "east": {"uv": [8, 0, 9, 3], "rotation": 180, "texture": "#0"},
        "south": {"uv": [8, 0, 9, 3], "rotation": 180, "texture": "#0"},
        "west": {"uv": [8, 0, 9, 3], "rotation": 180, "texture": "#0"},
        "up": {"uv": [8, 0, 9, 3], "rotation": 180, "texture": "#0"},
        "down": {"uv": [8, 0, 9, 3], "rotation": 180, "texture": "#0"}
      }
    },
    {
      "from": [9.48333, 0.5, 11.25],
      "to": [9.58333, 2, 12.75],
      "rotation": {"angle": 0, "axis": "y", "origin": [7.99167, 1.1, 8]},
      "faces": {
        "north": {"uv": [8, 0, 9, 3], "texture": "#0"},
        "east": {"uv": [8, 0, 9, 3], "texture": "#0"},
        "south": {"uv": [8, 0, 9, 3], "texture": "#0"},
        "west": {"uv": [8, 0, 9, 3], "texture": "#0"},
        "up": {"uv": [8, 0, 9, 3], "texture": "#0"},
        "down": {"uv": [8, 0, 9, 3], "texture": "#0"}
      }
    },
    {
      "from": [9.48333, 14, 3.25],
      "to": [9.58333, 15.5, 4.75],
      "rotation": {"angle": 0, "axis": "y", "origin": [7.99167, 14.9, 8]},
      "faces": {
        "north": {"uv": [8, 0, 9, 3], "rotation": 180, "texture": "#0"},
        "east": {"uv": [8, 0, 9, 3], "rotation": 180, "texture": "#0"},
        "south": {"uv": [8, 0, 9, 3], "rotation": 180, "texture": "#0"},
        "west": {"uv": [8, 0, 9, 3], "rotation": 180, "texture": "#0"},
        "up": {"uv": [8, 0, 9, 3], "rotation": 180, "texture": "#0"},
        "down": {"uv": [8, 0, 9, 3], "rotation": 180, "texture": "#0"}
      }
    },
    {
      "from": [6.4, 0.5, 7.25],
      "to": [6.5, 2, 8.75],
      "rotation": {"angle": 0, "axis": "y", "origin": [7.99167, 1.1, 8]},
      "faces": {
        "north": {"uv": [8, 0, 9, 3], "texture": "#0"},
        "east": {"uv": [8, 0, 9, 3], "texture": "#0"},
        "south": {"uv": [8, 0, 9, 3], "texture": "#0"},
        "west": {"uv": [8, 0, 9, 3], "texture": "#0"},
        "up": {"uv": [8, 0, 9, 3], "texture": "#0"},
        "down": {"uv": [8, 0, 9, 3], "texture": "#0"}
      }
    },
    {
      "from": [6.4, 14, 7.25],
      "to": [6.5, 15.5, 8.75],
      "rotation": {"angle": 0, "axis": "y", "origin": [7.99167, 14.9, 8]},
      "faces": {
        "north": {"uv": [8, 0, 9, 3], "rotation": 180, "texture": "#0"},
        "east": {"uv": [8, 0, 9, 3], "rotation": 180, "texture": "#0"},
        "south": {"uv": [8, 0, 9, 3], "rotation": 180, "texture": "#0"},
        "west": {"uv": [8, 0, 9, 3], "rotation": 180, "texture": "#0"},
        "up": {"uv": [8, 0, 9, 3], "rotation": 180, "texture": "#0"},
        "down": {"uv": [8, 0, 9, 3], "rotation": 180, "texture": "#0"}
      }
    },
    {
      "from": [9.48333, 0.5, 7.25],
      "to": [9.58333, 2, 8.75],
      "rotation": {"angle": 0, "axis": "y", "origin": [7.99167, 1.1, 8]},
      "faces": {
        "north": {"uv": [8, 0, 9, 3], "texture": "#0"},
        "east": {"uv": [8, 0, 9, 3], "texture": "#0"},
        "south": {"uv": [8, 0, 9, 3], "texture": "#0"},
        "west": {"uv": [8, 0, 9, 3], "texture": "#0"},
        "up": {"uv": [8, 0, 9, 3], "texture": "#0"},
        "down": {"uv": [8, 0, 9, 3], "texture": "#0"}
      }
    },
    {
      "from": [9.48333, 14, 7.25],
      "to": [9.58333, 15.5, 8.75],
      "rotation": {"angle": 0, "axis": "y", "origin": [7.99167, 14.9, 8]},
      "faces": {
        "north": {"uv": [8, 0, 9, 3], "rotation": 180, "texture": "#0"},
        "east": {"uv": [8, 0, 9, 3], "rotation": 180, "texture": "#0"},
        "south": {"uv": [8, 0, 9, 3], "rotation": 180, "texture": "#0"},
        "west": {"uv": [8, 0, 9, 3], "rotation": 180, "texture": "#0"},
        "up": {"uv": [8, 0, 9, 3], "rotation": 180, "texture": "#0"},
        "down": {"uv": [8, 0, 9, 3], "rotation": 180, "texture": "#0"}
      }
    },
    {
      "from": [6.4, 0.5, 11.25],
      "to": [6.5, 2, 12.75],
      "rotation": {"angle": 0, "axis": "y", "origin": [7.99167, 1.1, 8]},
      "faces": {
        "north": {"uv": [8, 0, 9, 3], "texture": "#0"},
        "east": {"uv": [8, 0, 9, 3], "texture": "#0"},
        "south": {"uv": [8, 0, 9, 3], "texture": "#0"},
        "west": {"uv": [8, 0, 9, 3], "texture": "#0"},
        "up": {"uv": [8, 0, 9, 3], "texture": "#0"},
        "down": {"uv": [8, 0, 9, 3], "texture": "#0"}
      }
    },
    {
      "from": [6.4, 14, 3.25],
      "to": [6.5, 15.5, 4.75],
      "rotation": {"angle": 0, "axis": "y", "origin": [7.99167, 14.9, 8]},
      "faces": {
        "north": {"uv": [8, 0, 9, 3], "rotation": 180, "texture": "#0"},
        "east": {"uv": [8, 0, 9, 3], "rotation": 180, "texture": "#0"},
        "south": {"uv": [8, 0, 9, 3], "rotation": 180, "texture": "#0"},
        "west": {"uv": [8, 0, 9, 3], "rotation": 180, "texture": "#0"},
        "up": {"uv": [8, 0, 9, 3], "rotation": 180, "texture": "#0"},
        "down": {"uv": [8, 0, 9, 3], "rotation": 180, "texture": "#0"}
      }
    },
    {
      "from": [9.48333, 0.5, 3.25],
      "to": [9.58333, 2, 4.75],
      "rotation": {"angle": 0, "axis": "y", "origin": [7.99167, 1.1, 8]},
      "faces": {
        "north": {"uv": [8, 0, 9, 3], "texture": "#0"},
        "east": {"uv": [8, 0, 9, 3], "texture": "#0"},
        "south": {"uv": [8, 0, 9, 3], "texture": "#0"},
        "west": {"uv": [8, 0, 9, 3], "texture": "#0"},
        "up": {"uv": [8, 0, 9, 3], "texture": "#0"},
        "down": {"uv": [8, 0, 9, 3], "texture": "#0"}
      }
    },
    {
      "from": [9.48333, 14, 11.25],
      "to": [9.58333, 15.5, 12.75],
      "rotation": {"angle": 0, "axis": "y", "origin": [7.99167, 14.9, 8]},
      "faces": {
        "north": {"uv": [8, 0, 9, 3], "rotation": 180, "texture": "#0"},
        "east": {"uv": [8, 0, 9, 3], "rotation": 180, "texture": "#0"},
        "south": {"uv": [8, 0, 9, 3], "rotation": 180, "texture": "#0"},
        "west": {"uv": [8, 0, 9, 3], "rotation": 180, "texture": "#0"},
        "up": {"uv": [8, 0, 9, 3], "rotation": 180, "texture": "#0"},
        "down": {"uv": [8, 0, 9, 3], "rotation": 180, "texture": "#0"}
      }
    },
    {
      "from": [5, 0.5, 3.25],
      "to": [6.4, 0.6, 4.75],
      "rotation": {"angle": 0, "axis": "y", "origin": [7.99167, 1.1, 8]},
      "faces": {
        "north": {"uv": [8, 0, 9, 3], "rotation": 90, "texture": "#0"},
        "east": {"uv": [8, 0, 9, 3], "rotation": 90, "texture": "#0"},
        "south": {"uv": [8, 0, 9, 3], "rotation": 90, "texture": "#0"},
        "west": {"uv": [8, 0, 9, 3], "rotation": 90, "texture": "#0"},
        "up": {"uv": [8, 0, 9, 3], "rotation": 90, "texture": "#0"},
        "down": {"uv": [8, 0, 9, 3], "rotation": 90, "texture": "#0"}
      }
    },
    {
      "from": [5, 15.4, 11.25],
      "to": [6.4, 15.5, 12.75],
      "rotation": {"angle": 0, "axis": "y", "origin": [7.99167, 14.9, 8]},
      "faces": {
        "north": {"uv": [8, 0, 9, 3], "rotation": 90, "texture": "#0"},
        "east": {"uv": [8, 0, 9, 3], "rotation": 90, "texture": "#0"},
        "south": {"uv": [8, 0, 9, 3], "rotation": 90, "texture": "#0"},
        "west": {"uv": [8, 0, 9, 3], "rotation": 90, "texture": "#0"},
        "up": {"uv": [8, 0, 9, 3], "rotation": 90, "texture": "#0"},
        "down": {"uv": [8, 0, 9, 3], "rotation": 90, "texture": "#0"}
      }
    },
    {
      "from": [9.58333, 0.5, 11.25],
      "to": [10.98333, 0.6, 12.75],
      "rotation": {"angle": 0, "axis": "y", "origin": [7.99167, 1.1, 8]},
      "faces": {
        "north": {"uv": [8, 0, 9, 3], "rotation": 270, "texture": "#0"},
        "east": {"uv": [8, 0, 9, 3], "rotation": 270, "texture": "#0"},
        "south": {"uv": [8, 0, 9, 3], "rotation": 270, "texture": "#0"},
        "west": {"uv": [8, 0, 9, 3], "rotation": 270, "texture": "#0"},
        "up": {"uv": [8, 0, 9, 3], "rotation": 270, "texture": "#0"},
        "down": {"uv": [8, 0, 9, 3], "rotation": 270, "texture": "#0"}
      }
    },
    {
      "from": [9.58333, 15.4, 3.25],
      "to": [10.98333, 15.5, 4.75],
      "rotation": {"angle": 0, "axis": "y", "origin": [7.99167, 14.9, 8]},
      "faces": {
        "north": {"uv": [8, 0, 9, 3], "rotation": 270, "texture": "#0"},
        "east": {"uv": [8, 0, 9, 3], "rotation": 270, "texture": "#0"},
        "south": {"uv": [8, 0, 9, 3], "rotation": 270, "texture": "#0"},
        "west": {"uv": [8, 0, 9, 3], "rotation": 270, "texture": "#0"},
        "up": {"uv": [8, 0, 9, 3], "rotation": 270, "texture": "#0"},
        "down": {"uv": [8, 0, 9, 3], "rotation": 270, "texture": "#0"}
      }
    },
    {
      "from": [5, 0.5, 7.25],
      "to": [6.4, 0.6, 8.75],
      "rotation": {"angle": 0, "axis": "y", "origin": [7.99167, 1.1, 8]},
      "faces": {
        "north": {"uv": [8, 0, 9, 3], "rotation": 90, "texture": "#0"},
        "east": {"uv": [8, 0, 9, 3], "rotation": 90, "texture": "#0"},
        "south": {"uv": [8, 0, 9, 3], "rotation": 90, "texture": "#0"},
        "west": {"uv": [8, 0, 9, 3], "rotation": 90, "texture": "#0"},
        "up": {"uv": [8, 0, 9, 3], "rotation": 90, "texture": "#0"},
        "down": {"uv": [8, 0, 9, 3], "rotation": 90, "texture": "#0"}
      }
    },
    {
      "from": [5, 15.4, 7.25],
      "to": [6.4, 15.5, 8.75],
      "rotation": {"angle": 0, "axis": "y", "origin": [7.99167, 14.9, 8]},
      "faces": {
        "north": {"uv": [8, 0, 9, 3], "rotation": 90, "texture": "#0"},
        "east": {"uv": [8, 0, 9, 3], "rotation": 90, "texture": "#0"},
        "south": {"uv": [8, 0, 9, 3], "rotation": 90, "texture": "#0"},
        "west": {"uv": [8, 0, 9, 3], "rotation": 90, "texture": "#0"},
        "up": {"uv": [8, 0, 9, 3], "rotation": 90, "texture": "#0"},
        "down": {"uv": [8, 0, 9, 3], "rotation": 90, "texture": "#0"}
      }
    },
    {
      "from": [9.58333, 0.5, 7.25],
      "to": [10.98333, 0.6, 8.75],
      "rotation": {"angle": 0, "axis": "y", "origin": [7.99167, 1.1, 8]},
      "faces": {
        "north": {"uv": [8, 0, 9, 3], "rotation": 270, "texture": "#0"},
        "east": {"uv": [8, 0, 9, 3], "rotation": 270, "texture": "#0"},
        "south": {"uv": [8, 0, 9, 3], "rotation": 270, "texture": "#0"},
        "west": {"uv": [8, 0, 9, 3], "rotation": 270, "texture": "#0"},
        "up": {"uv": [8, 0, 9, 3], "rotation": 270, "texture": "#0"},
        "down": {"uv": [8, 0, 9, 3], "rotation": 270, "texture": "#0"}
      }
    },
    {
      "from": [9.58333, 15.4, 7.25],
      "to": [10.98333, 15.5, 8.75],
      "rotation": {"angle": 0, "axis": "y", "origin": [7.99167, 14.9, 8]},
      "faces": {
        "north": {"uv": [8, 0, 9, 3], "rotation": 270, "texture": "#0"},
        "east": {"uv": [8, 0, 9, 3], "rotation": 270, "texture": "#0"},
        "south": {"uv": [8, 0, 9, 3], "rotation": 270, "texture": "#0"},
        "west": {"uv": [8, 0, 9, 3], "rotation": 270, "texture": "#0"},
        "up": {"uv": [8, 0, 9, 3], "rotation": 270, "texture": "#0"},
        "down": {"uv": [8, 0, 9, 3], "rotation": 270, "texture": "#0"}
      }
    },
    {
      "from": [5, 0.5, 11.25],
      "to": [6.4, 0.6, 12.75],
      "rotation": {"angle": 0, "axis": "y", "origin": [7.99167, 1.1, 8]},
      "faces": {
        "north": {"uv": [8, 0, 9, 3], "rotation": 90, "texture": "#0"},
        "east": {"uv": [8, 0, 9, 3], "rotation": 90, "texture": "#0"},
        "south": {"uv": [8, 0, 9, 3], "rotation": 90, "texture": "#0"},
        "west": {"uv": [8, 0, 9, 3], "rotation": 90, "texture": "#0"},
        "up": {"uv": [8, 0, 9, 3], "rotation": 90, "texture": "#0"},
        "down": {"uv": [8, 0, 9, 3], "rotation": 90, "texture": "#0"}
      }
    },
    {
      "from": [5, 15.4, 3.25],
      "to": [6.4, 15.5, 4.75],
      "rotation": {"angle": 0, "axis": "y", "origin": [7.99167, 14.9, 8]},
      "faces": {
        "north": {"uv": [8, 0, 9, 3], "rotation": 90, "texture": "#0"},
        "east": {"uv": [8, 0, 9, 3], "rotation": 90, "texture": "#0"},
        "south": {"uv": [8, 0, 9, 3], "rotation": 90, "texture": "#0"},
        "west": {"uv": [8, 0, 9, 3], "rotation": 90, "texture": "#0"},
        "up": {"uv": [8, 0, 9, 3], "rotation": 90, "texture": "#0"},
        "down": {"uv": [8, 0, 9, 3], "rotation": 90, "texture": "#0"}
      }
    },
    {
      "from": [9.58333, 0.5, 3.25],
      "to": [10.98333, 0.6, 4.75],
      "rotation": {"angle": 0, "axis": "y", "origin": [7.99167, 1.1, 8]},
      "faces": {
        "north": {"uv": [8, 0, 9, 3], "rotation": 270, "texture": "#0"},
        "east": {"uv": [8, 0, 9, 3], "rotation": 270, "texture": "#0"},
        "south": {"uv": [8, 0, 9, 3], "rotation": 270, "texture": "#0"},
        "west": {"uv": [8, 0, 9, 3], "rotation": 270, "texture": "#0"},
        "up": {"uv": [8, 0, 9, 3], "rotation": 270, "texture": "#0"},
        "down": {"uv": [8, 0, 9, 3], "rotation": 270, "texture": "#0"}
      }
    },
    {
      "from": [9.58333, 15.4, 11.25],
      "to": [10.98333, 15.5, 12.75],
      "rotation": {"angle": 0, "axis": "y", "origin": [7.99167, 14.9, 8]},
      "faces": {
        "north": {"uv": [8, 0, 9, 3], "rotation": 270, "texture": "#0"},
        "east": {"uv": [8, 0, 9, 3], "rotation": 270, "texture": "#0"},
        "south": {"uv": [8, 0, 9, 3], "rotation": 270, "texture": "#0"},
        "west": {"uv": [8, 0, 9, 3], "rotation": 270, "texture": "#0"},
        "up": {"uv": [8, 0, 9, 3], "rotation": 270, "texture": "#0"},
        "down": {"uv": [8, 0, 9, 3], "rotation": 270, "texture": "#0"}
      }
    },
    {
      "from": [5.1, 0.6, 3.35],
      "to": [5.4, 0.7, 3.65],
      "rotation": {"angle": 0, "axis": "y", "origin": [7.99167, 1.1, 8]},
      "faces": {
        "north": {"uv": [0, 8, 1, 11], "rotation": 90, "texture": "#0"},
        "east": {"uv": [0, 8, 1, 11], "rotation": 90, "texture": "#0"},
        "south": {"uv": [0, 8, 1, 11], "rotation": 90, "texture": "#0"},
        "west": {"uv": [0, 8, 1, 11], "rotation": 90, "texture": "#0"},
        "up": {"uv": [0, 8, 1, 11], "rotation": 90, "texture": "#0"},
        "down": {"uv": [0, 8, 1, 11], "rotation": 90, "texture": "#0"}
      }
    },
    {
      "from": [5.1, 15.3, 12.35],
      "to": [5.4, 15.4, 12.65],
      "rotation": {"angle": 0, "axis": "y", "origin": [7.99167, 14.9, 8]},
      "faces": {
        "north": {"uv": [0, 8, 1, 11], "rotation": 90, "texture": "#0"},
        "east": {"uv": [0, 8, 1, 11], "rotation": 90, "texture": "#0"},
        "south": {"uv": [0, 8, 1, 11], "rotation": 90, "texture": "#0"},
        "west": {"uv": [0, 8, 1, 11], "rotation": 90, "texture": "#0"},
        "up": {"uv": [0, 8, 1, 11], "rotation": 90, "texture": "#0"},
        "down": {"uv": [0, 8, 1, 11], "rotation": 90, "texture": "#0"}
      }
    },
    {
      "from": [10.58333, 0.6, 12.35],
      "to": [10.88333, 0.7, 12.65],
      "rotation": {"angle": 0, "axis": "y", "origin": [7.99167, 1.1, 8]},
      "faces": {
        "north": {"uv": [0, 8, 1, 11], "rotation": 270, "texture": "#0"},
        "east": {"uv": [0, 8, 1, 11], "rotation": 270, "texture": "#0"},
        "south": {"uv": [0, 8, 1, 11], "rotation": 270, "texture": "#0"},
        "west": {"uv": [0, 8, 1, 11], "rotation": 270, "texture": "#0"},
        "up": {"uv": [0, 8, 1, 11], "rotation": 270, "texture": "#0"},
        "down": {"uv": [0, 8, 1, 11], "rotation": 270, "texture": "#0"}
      }
    },
    {
      "from": [10.58333, 15.3, 3.35],
      "to": [10.88333, 15.4, 3.65],
      "rotation": {"angle": 0, "axis": "y", "origin": [7.99167, 14.9, 8]},
      "faces": {
        "north": {"uv": [0, 8, 1, 11], "rotation": 270, "texture": "#0"},
        "east": {"uv": [0, 8, 1, 11], "rotation": 270, "texture": "#0"},
        "south": {"uv": [0, 8, 1, 11], "rotation": 270, "texture": "#0"},
        "west": {"uv": [0, 8, 1, 11], "rotation": 270, "texture": "#0"},
        "up": {"uv": [0, 8, 1, 11], "rotation": 270, "texture": "#0"},
        "down": {"uv": [0, 8, 1, 11], "rotation": 270, "texture": "#0"}
      }
    },
    {
      "from": [5.1, 0.6, 7.35],
      "to": [5.4, 0.7, 7.65],
      "rotation": {"angle": 0, "axis": "y", "origin": [7.99167, 1.1, 8]},
      "faces": {
        "north": {"uv": [0, 8, 1, 11], "rotation": 90, "texture": "#0"},
        "east": {"uv": [0, 8, 1, 11], "rotation": 90, "texture": "#0"},
        "south": {"uv": [0, 8, 1, 11], "rotation": 90, "texture": "#0"},
        "west": {"uv": [0, 8, 1, 11], "rotation": 90, "texture": "#0"},
        "up": {"uv": [0, 8, 1, 11], "rotation": 90, "texture": "#0"},
        "down": {"uv": [0, 8, 1, 11], "rotation": 90, "texture": "#0"}
      }
    },
    {
      "from": [5.1, 15.3, 8.35],
      "to": [5.4, 15.4, 8.65],
      "rotation": {"angle": 0, "axis": "y", "origin": [7.99167, 14.9, 8]},
      "faces": {
        "north": {"uv": [0, 8, 1, 11], "rotation": 90, "texture": "#0"},
        "east": {"uv": [0, 8, 1, 11], "rotation": 90, "texture": "#0"},
        "south": {"uv": [0, 8, 1, 11], "rotation": 90, "texture": "#0"},
        "west": {"uv": [0, 8, 1, 11], "rotation": 90, "texture": "#0"},
        "up": {"uv": [0, 8, 1, 11], "rotation": 90, "texture": "#0"},
        "down": {"uv": [0, 8, 1, 11], "rotation": 90, "texture": "#0"}
      }
    },
    {
      "from": [10.58333, 0.6, 8.35],
      "to": [10.88333, 0.7, 8.65],
      "rotation": {"angle": 0, "axis": "y", "origin": [7.99167, 1.1, 8]},
      "faces": {
        "north": {"uv": [0, 8, 1, 11], "rotation": 270, "texture": "#0"},
        "east": {"uv": [0, 8, 1, 11], "rotation": 270, "texture": "#0"},
        "south": {"uv": [0, 8, 1, 11], "rotation": 270, "texture": "#0"},
        "west": {"uv": [0, 8, 1, 11], "rotation": 270, "texture": "#0"},
        "up": {"uv": [0, 8, 1, 11], "rotation": 270, "texture": "#0"},
        "down": {"uv": [0, 8, 1, 11], "rotation": 270, "texture": "#0"}
      }
    },
    {
      "from": [10.58333, 15.3, 7.35],
      "to": [10.88333, 15.4, 7.65],
      "rotation": {"angle": 0, "axis": "y", "origin": [7.99167, 14.9, 8]},
      "faces": {
        "north": {"uv": [0, 8, 1, 11], "rotation": 270, "texture": "#0"},
        "east": {"uv": [0, 8, 1, 11], "rotation": 270, "texture": "#0"},
        "south": {"uv": [0, 8, 1, 11], "rotation": 270, "texture": "#0"},
        "west": {"uv": [0, 8, 1, 11], "rotation": 270, "texture": "#0"},
        "up": {"uv": [0, 8, 1, 11], "rotation": 270, "texture": "#0"},
        "down": {"uv": [0, 8, 1, 11], "rotation": 270, "texture": "#0"}
      }
    },
    {
      "from": [5.1, 0.6, 11.35],
      "to": [5.4, 0.7, 11.65],
      "rotation": {"angle": 0, "axis": "y", "origin": [7.99167, 1.1, 8]},
      "faces": {
        "north": {"uv": [0, 8, 1, 11], "rotation": 90, "texture": "#0"},
        "east": {"uv": [0, 8, 1, 11], "rotation": 90, "texture": "#0"},
        "south": {"uv": [0, 8, 1, 11], "rotation": 90, "texture": "#0"},
        "west": {"uv": [0, 8, 1, 11], "rotation": 90, "texture": "#0"},
        "up": {"uv": [0, 8, 1, 11], "rotation": 90, "texture": "#0"},
        "down": {"uv": [0, 8, 1, 11], "rotation": 90, "texture": "#0"}
      }
    },
    {
      "from": [5.1, 15.3, 4.35],
      "to": [5.4, 15.4, 4.65],
      "rotation": {"angle": 0, "axis": "y", "origin": [7.99167, 14.9, 8]},
      "faces": {
        "north": {"uv": [0, 8, 1, 11], "rotation": 90, "texture": "#0"},
        "east": {"uv": [0, 8, 1, 11], "rotation": 90, "texture": "#0"},
        "south": {"uv": [0, 8, 1, 11], "rotation": 90, "texture": "#0"},
        "west": {"uv": [0, 8, 1, 11], "rotation": 90, "texture": "#0"},
        "up": {"uv": [0, 8, 1, 11], "rotation": 90, "texture": "#0"},
        "down": {"uv": [0, 8, 1, 11], "rotation": 90, "texture": "#0"}
      }
    },
    {
      "from": [10.58333, 0.6, 4.35],
      "to": [10.88333, 0.7, 4.65],
      "rotation": {"angle": 0, "axis": "y", "origin": [7.99167, 1.1, 8]},
      "faces": {
        "north": {"uv": [0, 8, 1, 11], "rotation": 270, "texture": "#0"},
        "east": {"uv": [0, 8, 1, 11], "rotation": 270, "texture": "#0"},
        "south": {"uv": [0, 8, 1, 11], "rotation": 270, "texture": "#0"},
        "west": {"uv": [0, 8, 1, 11], "rotation": 270, "texture": "#0"},
        "up": {"uv": [0, 8, 1, 11], "rotation": 270, "texture": "#0"},
        "down": {"uv": [0, 8, 1, 11], "rotation": 270, "texture": "#0"}
      }
    },
    {
      "from": [10.58333, 15.3, 11.35],
      "to": [10.88333, 15.4, 11.65],
      "rotation": {"angle": 0, "axis": "y", "origin": [7.99167, 14.9, 8]},
      "faces": {
        "north": {"uv": [0, 8, 1, 11], "rotation": 270, "texture": "#0"},
        "east": {"uv": [0, 8, 1, 11], "rotation": 270, "texture": "#0"},
        "south": {"uv": [0, 8, 1, 11], "rotation": 270, "texture": "#0"},
        "west": {"uv": [0, 8, 1, 11], "rotation": 270, "texture": "#0"},
        "up": {"uv": [0, 8, 1, 11], "rotation": 270, "texture": "#0"},
        "down": {"uv": [0, 8, 1, 11], "rotation": 270, "texture": "#0"}
      }
    },
    {
      "from": [6.3, 1.6, 3.35],
      "to": [6.4, 1.9, 3.65],
      "rotation": {"angle": 0, "axis": "y", "origin": [7.99167, 1.1, 8]},
      "faces": {
        "north": {"uv": [0, 8, 1, 11], "rotation": 180, "texture": "#0"},
        "east": {"uv": [0, 8, 1, 11], "rotation": 180, "texture": "#0"},
        "south": {"uv": [0, 8, 1, 11], "rotation": 180, "texture": "#0"},
        "west": {"uv": [0, 8, 1, 11], "rotation": 180, "texture": "#0"},
        "up": {"uv": [0, 8, 1, 11], "rotation": 180, "texture": "#0"},
        "down": {"uv": [0, 8, 1, 11], "rotation": 180, "texture": "#0"}
      }
    },
    {
      "from": [6.3, 14.1, 12.35],
      "to": [6.4, 14.4, 12.65],
      "rotation": {"angle": 0, "axis": "y", "origin": [7.99167, 14.9, 8]},
      "faces": {
        "north": {"uv": [0, 8, 1, 11], "texture": "#0"},
        "east": {"uv": [0, 8, 1, 11], "texture": "#0"},
        "south": {"uv": [0, 8, 1, 11], "texture": "#0"},
        "west": {"uv": [0, 8, 1, 11], "texture": "#0"},
        "up": {"uv": [0, 8, 1, 11], "texture": "#0"},
        "down": {"uv": [0, 8, 1, 11], "texture": "#0"}
      }
    },
    {
      "from": [9.58333, 1.6, 12.35],
      "to": [9.68333, 1.9, 12.65],
      "rotation": {"angle": 0, "axis": "y", "origin": [7.99167, 1.1, 8]},
      "faces": {
        "north": {"uv": [0, 8, 1, 11], "rotation": 180, "texture": "#0"},
        "east": {"uv": [0, 8, 1, 11], "rotation": 180, "texture": "#0"},
        "south": {"uv": [0, 8, 1, 11], "rotation": 180, "texture": "#0"},
        "west": {"uv": [0, 8, 1, 11], "rotation": 180, "texture": "#0"},
        "up": {"uv": [0, 8, 1, 11], "rotation": 180, "texture": "#0"},
        "down": {"uv": [0, 8, 1, 11], "rotation": 180, "texture": "#0"}
      }
    },
    {
      "from": [7.48333, 1.6, 12.35],
      "to": [8.50833, 1.9, 12.65],
      "rotation": {"angle": 0, "axis": "y", "origin": [5.89167, 1.1, 8]},
      "faces": {
        "north": {"uv": [0, 8, 1, 11], "rotation": 180, "texture": "#0"},
        "east": {"uv": [0, 8, 1, 11], "rotation": 180, "texture": "#0"},
        "south": {"uv": [0, 8, 1, 11], "rotation": 180, "texture": "#0"},
        "west": {"uv": [0, 8, 1, 11], "rotation": 180, "texture": "#0"},
        "up": {"uv": [0, 8, 1, 11], "rotation": 180, "texture": "#0"},
        "down": {"uv": [0, 8, 1, 11], "rotation": 180, "texture": "#0"}
      }
    },
    {
      "from": [7.48333, 14.1, 12.35],
      "to": [8.50833, 14.4, 12.65],
      "rotation": {"angle": 0, "axis": "y", "origin": [5.89167, 13.6, 8]},
      "faces": {
        "north": {"uv": [0, 8, 1, 11], "rotation": 180, "texture": "#0"},
        "east": {"uv": [0, 8, 1, 11], "rotation": 180, "texture": "#0"},
        "south": {"uv": [0, 8, 1, 11], "rotation": 180, "texture": "#0"},
        "west": {"uv": [0, 8, 1, 11], "rotation": 180, "texture": "#0"},
        "up": {"uv": [0, 8, 1, 11], "rotation": 180, "texture": "#0"},
        "down": {"uv": [0, 8, 1, 11], "rotation": 180, "texture": "#0"}
      }
    },
    {
      "from": [7.48333, 1.6, 8.35],
      "to": [8.50833, 1.9, 8.65],
      "rotation": {"angle": 0, "axis": "y", "origin": [5.89167, 1.1, 4]},
      "faces": {
        "north": {"uv": [0, 8, 1, 11], "rotation": 180, "texture": "#0"},
        "east": {"uv": [0, 8, 1, 11], "rotation": 180, "texture": "#0"},
        "south": {"uv": [0, 8, 1, 11], "rotation": 180, "texture": "#0"},
        "west": {"uv": [0, 8, 1, 11], "rotation": 180, "texture": "#0"},
        "up": {"uv": [0, 8, 1, 11], "rotation": 180, "texture": "#0"},
        "down": {"uv": [0, 8, 1, 11], "rotation": 180, "texture": "#0"}
      }
    },
    {
      "from": [7.48333, 14.1, 8.35],
      "to": [8.50833, 14.4, 8.65],
      "rotation": {"angle": 0, "axis": "y", "origin": [5.89167, 13.6, 4]},
      "faces": {
        "north": {"uv": [0, 8, 1, 11], "rotation": 180, "texture": "#0"},
        "east": {"uv": [0, 8, 1, 11], "rotation": 180, "texture": "#0"},
        "south": {"uv": [0, 8, 1, 11], "rotation": 180, "texture": "#0"},
        "west": {"uv": [0, 8, 1, 11], "rotation": 180, "texture": "#0"},
        "up": {"uv": [0, 8, 1, 11], "rotation": 180, "texture": "#0"},
        "down": {"uv": [0, 8, 1, 11], "rotation": 180, "texture": "#0"}
      }
    },
    {
      "from": [7.48333, 1.6, 4.35],
      "to": [8.50833, 1.9, 4.65],
      "rotation": {"angle": 0, "axis": "y", "origin": [5.89167, 1.1, 0]},
      "faces": {
        "north": {"uv": [0, 8, 1, 11], "rotation": 180, "texture": "#0"},
        "east": {"uv": [0, 8, 1, 11], "rotation": 180, "texture": "#0"},
        "south": {"uv": [0, 8, 1, 11], "rotation": 180, "texture": "#0"},
        "west": {"uv": [0, 8, 1, 11], "rotation": 180, "texture": "#0"},
        "up": {"uv": [0, 8, 1, 11], "rotation": 180, "texture": "#0"},
        "down": {"uv": [0, 8, 1, 11], "rotation": 180, "texture": "#0"}
      }
    },
    {
      "from": [7.48333, 14.1, 4.35],
      "to": [8.50833, 14.4, 4.65],
      "rotation": {"angle": 0, "axis": "y", "origin": [5.89167, 13.6, 0]},
      "faces": {
        "north": {"uv": [0, 8, 1, 11], "rotation": 180, "texture": "#0"},
        "east": {"uv": [0, 8, 1, 11], "rotation": 180, "texture": "#0"},
        "south": {"uv": [0, 8, 1, 11], "rotation": 180, "texture": "#0"},
        "west": {"uv": [0, 8, 1, 11], "rotation": 180, "texture": "#0"},
        "up": {"uv": [0, 8, 1, 11], "rotation": 180, "texture": "#0"},
        "down": {"uv": [0, 8, 1, 11], "rotation": 180, "texture": "#0"}
      }
    },
    {
      "from": [9.58333, 14.1, 3.35],
      "to": [9.68333, 14.4, 3.65],
      "rotation": {"angle": 0, "axis": "y", "origin": [7.99167, 14.9, 8]},
      "faces": {
        "north": {"uv": [0, 8, 1, 11], "texture": "#0"},
        "east": {"uv": [0, 8, 1, 11], "texture": "#0"},
        "south": {"uv": [0, 8, 1, 11], "texture": "#0"},
        "west": {"uv": [0, 8, 1, 11], "texture": "#0"},
        "up": {"uv": [0, 8, 1, 11], "texture": "#0"},
        "down": {"uv": [0, 8, 1, 11], "texture": "#0"}
      }
    },
    {
      "from": [6.3, 1.6, 7.35],
      "to": [6.4, 1.9, 7.65],
      "rotation": {"angle": 0, "axis": "y", "origin": [7.99167, 1.1, 8]},
      "faces": {
        "north": {"uv": [0, 8, 1, 11], "rotation": 180, "texture": "#0"},
        "east": {"uv": [0, 8, 1, 11], "rotation": 180, "texture": "#0"},
        "south": {"uv": [0, 8, 1, 11], "rotation": 180, "texture": "#0"},
        "west": {"uv": [0, 8, 1, 11], "rotation": 180, "texture": "#0"},
        "up": {"uv": [0, 8, 1, 11], "rotation": 180, "texture": "#0"},
        "down": {"uv": [0, 8, 1, 11], "rotation": 180, "texture": "#0"}
      }
    },
    {
      "from": [6.3, 14.1, 8.35],
      "to": [6.4, 14.4, 8.65],
      "rotation": {"angle": 0, "axis": "y", "origin": [7.99167, 14.9, 8]},
      "faces": {
        "north": {"uv": [0, 8, 1, 11], "texture": "#0"},
        "east": {"uv": [0, 8, 1, 11], "texture": "#0"},
        "south": {"uv": [0, 8, 1, 11], "texture": "#0"},
        "west": {"uv": [0, 8, 1, 11], "texture": "#0"},
        "up": {"uv": [0, 8, 1, 11], "texture": "#0"},
        "down": {"uv": [0, 8, 1, 11], "texture": "#0"}
      }
    },
    {
      "from": [9.58333, 1.6, 8.35],
      "to": [9.68333, 1.9, 8.65],
      "rotation": {"angle": 0, "axis": "y", "origin": [7.99167, 1.1, 8]},
      "faces": {
        "north": {"uv": [0, 8, 1, 11], "rotation": 180, "texture": "#0"},
        "east": {"uv": [0, 8, 1, 11], "rotation": 180, "texture": "#0"},
        "south": {"uv": [0, 8, 1, 11], "rotation": 180, "texture": "#0"},
        "west": {"uv": [0, 8, 1, 11], "rotation": 180, "texture": "#0"},
        "up": {"uv": [0, 8, 1, 11], "rotation": 180, "texture": "#0"},
        "down": {"uv": [0, 8, 1, 11], "rotation": 180, "texture": "#0"}
      }
    },
    {
      "from": [9.58333, 14.1, 7.35],
      "to": [9.68333, 14.4, 7.65],
      "rotation": {"angle": 0, "axis": "y", "origin": [7.99167, 14.9, 8]},
      "faces": {
        "north": {"uv": [0, 8, 1, 11], "texture": "#0"},
        "east": {"uv": [0, 8, 1, 11], "texture": "#0"},
        "south": {"uv": [0, 8, 1, 11], "texture": "#0"},
        "west": {"uv": [0, 8, 1, 11], "texture": "#0"},
        "up": {"uv": [0, 8, 1, 11], "texture": "#0"},
        "down": {"uv": [0, 8, 1, 11], "texture": "#0"}
      }
    },
    {
      "from": [6.3, 1.6, 11.35],
      "to": [6.4, 1.9, 11.65],
      "rotation": {"angle": 0, "axis": "y", "origin": [7.99167, 1.1, 8]},
      "faces": {
        "north": {"uv": [0, 8, 1, 11], "rotation": 180, "texture": "#0"},
        "east": {"uv": [0, 8, 1, 11], "rotation": 180, "texture": "#0"},
        "south": {"uv": [0, 8, 1, 11], "rotation": 180, "texture": "#0"},
        "west": {"uv": [0, 8, 1, 11], "rotation": 180, "texture": "#0"},
        "up": {"uv": [0, 8, 1, 11], "rotation": 180, "texture": "#0"},
        "down": {"uv": [0, 8, 1, 11], "rotation": 180, "texture": "#0"}
      }
    },
    {
      "from": [6.3, 14.1, 4.35],
      "to": [6.4, 14.4, 4.65],
      "rotation": {"angle": 0, "axis": "y", "origin": [7.99167, 14.9, 8]},
      "faces": {
        "north": {"uv": [0, 8, 1, 11], "texture": "#0"},
        "east": {"uv": [0, 8, 1, 11], "texture": "#0"},
        "south": {"uv": [0, 8, 1, 11], "texture": "#0"},
        "west": {"uv": [0, 8, 1, 11], "texture": "#0"},
        "up": {"uv": [0, 8, 1, 11], "texture": "#0"},
        "down": {"uv": [0, 8, 1, 11], "texture": "#0"}
      }
    },
    {
      "from": [9.58333, 1.6, 4.35],
      "to": [9.68333, 1.9, 4.65],
      "rotation": {"angle": 0, "axis": "y", "origin": [7.99167, 1.1, 8]},
      "faces": {
        "north": {"uv": [0, 8, 1, 11], "rotation": 180, "texture": "#0"},
        "east": {"uv": [0, 8, 1, 11], "rotation": 180, "texture": "#0"},
        "south": {"uv": [0, 8, 1, 11], "rotation": 180, "texture": "#0"},
        "west": {"uv": [0, 8, 1, 11], "rotation": 180, "texture": "#0"},
        "up": {"uv": [0, 8, 1, 11], "rotation": 180, "texture": "#0"},
        "down": {"uv": [0, 8, 1, 11], "rotation": 180, "texture": "#0"}
      }
    },
    {
      "from": [9.58333, 14.1, 11.35],
      "to": [9.68333, 14.4, 11.65],
      "rotation": {"angle": 0, "axis": "y", "origin": [7.99167, 14.9, 8]},
      "faces": {
        "north": {"uv": [0, 8, 1, 11], "texture": "#0"},
        "east": {"uv": [0, 8, 1, 11], "texture": "#0"},
        "south": {"uv": [0, 8, 1, 11], "texture": "#0"},
        "west": {"uv": [0, 8, 1, 11], "texture": "#0"},
        "up": {"uv": [0, 8, 1, 11], "texture": "#0"},
        "down": {"uv": [0, 8, 1, 11], "texture": "#0"}
      }
    },
    {
      "from": [6.3, 1.6, 4.35],
      "to": [6.4, 1.9, 4.65],
      "rotation": {"angle": 0, "axis": "y", "origin": [7.99167, 1.1, 8]},
      "faces": {
        "north": {"uv": [0, 8, 1, 11], "rotation": 180, "texture": "#0"},
        "east": {"uv": [0, 8, 1, 11], "rotation": 180, "texture": "#0"},
        "south": {"uv": [0, 8, 1, 11], "rotation": 180, "texture": "#0"},
        "west": {"uv": [0, 8, 1, 11], "rotation": 180, "texture": "#0"},
        "up": {"uv": [0, 8, 1, 11], "rotation": 180, "texture": "#0"},
        "down": {"uv": [0, 8, 1, 11], "rotation": 180, "texture": "#0"}
      }
    },
    {
      "from": [6.3, 14.1, 11.35],
      "to": [6.4, 14.4, 11.65],
      "rotation": {"angle": 0, "axis": "y", "origin": [7.99167, 14.9, 8]},
      "faces": {
        "north": {"uv": [0, 8, 1, 11], "texture": "#0"},
        "east": {"uv": [0, 8, 1, 11], "texture": "#0"},
        "south": {"uv": [0, 8, 1, 11], "texture": "#0"},
        "west": {"uv": [0, 8, 1, 11], "texture": "#0"},
        "up": {"uv": [0, 8, 1, 11], "texture": "#0"},
        "down": {"uv": [0, 8, 1, 11], "texture": "#0"}
      }
    },
    {
      "from": [9.58333, 1.6, 11.35],
      "to": [9.68333, 1.9, 11.65],
      "rotation": {"angle": 0, "axis": "y", "origin": [7.99167, 1.1, 8]},
      "faces": {
        "north": {"uv": [0, 8, 1, 11], "rotation": 180, "texture": "#0"},
        "east": {"uv": [0, 8, 1, 11], "rotation": 180, "texture": "#0"},
        "south": {"uv": [0, 8, 1, 11], "rotation": 180, "texture": "#0"},
        "west": {"uv": [0, 8, 1, 11], "rotation": 180, "texture": "#0"},
        "up": {"uv": [0, 8, 1, 11], "rotation": 180, "texture": "#0"},
        "down": {"uv": [0, 8, 1, 11], "rotation": 180, "texture": "#0"}
      }
    },
    {
      "from": [7.48333, 1.6, 11.35],
      "to": [8.50833, 1.9, 11.65],
      "rotation": {"angle": 0, "axis": "y", "origin": [5.89167, 1.1, 8]},
      "faces": {
        "north": {"uv": [0, 8, 1, 11], "rotation": 180, "texture": "#0"},
        "east": {"uv": [0, 8, 1, 11], "rotation": 180, "texture": "#0"},
        "south": {"uv": [0, 8, 1, 11], "rotation": 180, "texture": "#0"},
        "west": {"uv": [0, 8, 1, 11], "rotation": 180, "texture": "#0"},
        "up": {"uv": [0, 8, 1, 11], "rotation": 180, "texture": "#0"},
        "down": {"uv": [0, 8, 1, 11], "rotation": 180, "texture": "#0"}
      }
    },
    {
      "from": [7.48333, 14.1, 11.35],
      "to": [8.50833, 14.4, 11.65],
      "rotation": {"angle": 0, "axis": "y", "origin": [5.89167, 13.6, 8]},
      "faces": {
        "north": {"uv": [0, 8, 1, 11], "rotation": 180, "texture": "#0"},
        "east": {"uv": [0, 8, 1, 11], "rotation": 180, "texture": "#0"},
        "south": {"uv": [0, 8, 1, 11], "rotation": 180, "texture": "#0"},
        "west": {"uv": [0, 8, 1, 11], "rotation": 180, "texture": "#0"},
        "up": {"uv": [0, 8, 1, 11], "rotation": 180, "texture": "#0"},
        "down": {"uv": [0, 8, 1, 11], "rotation": 180, "texture": "#0"}
      }
    },
    {
      "from": [7.48333, 1.6, 7.35],
      "to": [8.50833, 1.9, 7.65],
      "rotation": {"angle": 0, "axis": "y", "origin": [5.89167, 1.1, 4]},
      "faces": {
        "north": {"uv": [0, 8, 1, 11], "rotation": 180, "texture": "#0"},
        "east": {"uv": [0, 8, 1, 11], "rotation": 180, "texture": "#0"},
        "south": {"uv": [0, 8, 1, 11], "rotation": 180, "texture": "#0"},
        "west": {"uv": [0, 8, 1, 11], "rotation": 180, "texture": "#0"},
        "up": {"uv": [0, 8, 1, 11], "rotation": 180, "texture": "#0"},
        "down": {"uv": [0, 8, 1, 11], "rotation": 180, "texture": "#0"}
      }
    },
    {
      "from": [7.48333, 14.1, 7.35],
      "to": [8.50833, 14.4, 7.65],
      "rotation": {"angle": 0, "axis": "y", "origin": [5.89167, 13.6, 4]},
      "faces": {
        "north": {"uv": [0, 8, 1, 11], "rotation": 180, "texture": "#0"},
        "east": {"uv": [0, 8, 1, 11], "rotation": 180, "texture": "#0"},
        "south": {"uv": [0, 8, 1, 11], "rotation": 180, "texture": "#0"},
        "west": {"uv": [0, 8, 1, 11], "rotation": 180, "texture": "#0"},
        "up": {"uv": [0, 8, 1, 11], "rotation": 180, "texture": "#0"},
        "down": {"uv": [0, 8, 1, 11], "rotation": 180, "texture": "#0"}
      }
    },
    {
      "from": [7.48333, 1.6, 3.35],
      "to": [8.50833, 1.9, 3.65],
      "rotation": {"angle": 0, "axis": "y", "origin": [5.89167, 1.1, 0]},
      "faces": {
        "north": {"uv": [0, 8, 1, 11], "rotation": 180, "texture": "#0"},
        "east": {"uv": [0, 8, 1, 11], "rotation": 180, "texture": "#0"},
        "south": {"uv": [0, 8, 1, 11], "rotation": 180, "texture": "#0"},
        "west": {"uv": [0, 8, 1, 11], "rotation": 180, "texture": "#0"},
        "up": {"uv": [0, 8, 1, 11], "rotation": 180, "texture": "#0"},
        "down": {"uv": [0, 8, 1, 11], "rotation": 180, "texture": "#0"}
      }
    },
    {
      "from": [7.48333, 14.1, 3.35],
      "to": [8.50833, 14.4, 3.65],
      "rotation": {"angle": 0, "axis": "y", "origin": [5.89167, 13.6, 0]},
      "faces": {
        "north": {"uv": [0, 8, 1, 11], "rotation": 180, "texture": "#0"},
        "east": {"uv": [0, 8, 1, 11], "rotation": 180, "texture": "#0"},
        "south": {"uv": [0, 8, 1, 11], "rotation": 180, "texture": "#0"},
        "west": {"uv": [0, 8, 1, 11], "rotation": 180, "texture": "#0"},
        "up": {"uv": [0, 8, 1, 11], "rotation": 180, "texture": "#0"},
        "down": {"uv": [0, 8, 1, 11], "rotation": 180, "texture": "#0"}
      }
    },
    {
      "from": [9.58333, 14.1, 4.35],
      "to": [9.68333, 14.4, 4.65],
      "rotation": {"angle": 0, "axis": "y", "origin": [7.99167, 14.9, 8]},
      "faces": {
        "north": {"uv": [0, 8, 1, 11], "texture": "#0"},
        "east": {"uv": [0, 8, 1, 11], "texture": "#0"},
        "south": {"uv": [0, 8, 1, 11], "texture": "#0"},
        "west": {"uv": [0, 8, 1, 11], "texture": "#0"},
        "up": {"uv": [0, 8, 1, 11], "texture": "#0"},
        "down": {"uv": [0, 8, 1, 11], "texture": "#0"}
      }
    },
    {
      "from": [6.3, 1.6, 8.35],
      "to": [6.4, 1.9, 8.65],
      "rotation": {"angle": 0, "axis": "y", "origin": [7.99167, 1.1, 8]},
      "faces": {
        "north": {"uv": [0, 8, 1, 11], "rotation": 180, "texture": "#0"},
        "east": {"uv": [0, 8, 1, 11], "rotation": 180, "texture": "#0"},
        "south": {"uv": [0, 8, 1, 11], "rotation": 180, "texture": "#0"},
        "west": {"uv": [0, 8, 1, 11], "rotation": 180, "texture": "#0"},
        "up": {"uv": [0, 8, 1, 11], "rotation": 180, "texture": "#0"},
        "down": {"uv": [0, 8, 1, 11], "rotation": 180, "texture": "#0"}
      }
    },
    {
      "from": [6.3, 14.1, 7.35],
      "to": [6.4, 14.4, 7.65],
      "rotation": {"angle": 0, "axis": "y", "origin": [7.99167, 14.9, 8]},
      "faces": {
        "north": {"uv": [0, 8, 1, 11], "texture": "#0"},
        "east": {"uv": [0, 8, 1, 11], "texture": "#0"},
        "south": {"uv": [0, 8, 1, 11], "texture": "#0"},
        "west": {"uv": [0, 8, 1, 11], "texture": "#0"},
        "up": {"uv": [0, 8, 1, 11], "texture": "#0"},
        "down": {"uv": [0, 8, 1, 11], "texture": "#0"}
      }
    },
    {
      "from": [9.58333, 1.6, 7.35],
      "to": [9.68333, 1.9, 7.65],
      "rotation": {"angle": 0, "axis": "y", "origin": [7.99167, 1.1, 8]},
      "faces": {
        "north": {"uv": [0, 8, 1, 11], "rotation": 180, "texture": "#0"},
        "east": {"uv": [0, 8, 1, 11], "rotation": 180, "texture": "#0"},
        "south": {"uv": [0, 8, 1, 11], "rotation": 180, "texture": "#0"},
        "west": {"uv": [0, 8, 1, 11], "rotation": 180, "texture": "#0"},
        "up": {"uv": [0, 8, 1, 11], "rotation": 180, "texture": "#0"},
        "down": {"uv": [0, 8, 1, 11], "rotation": 180, "texture": "#0"}
      }
    },
    {
      "from": [9.58333, 14.1, 8.35],
      "to": [9.68333, 14.4, 8.65],
      "rotation": {"angle": 0, "axis": "y", "origin": [7.99167, 14.9, 8]},
      "faces": {
        "north": {"uv": [0, 8, 1, 11], "texture": "#0"},
        "east": {"uv": [0, 8, 1, 11], "texture": "#0"},
        "south": {"uv": [0, 8, 1, 11], "texture": "#0"},
        "west": {"uv": [0, 8, 1, 11], "texture": "#0"},
        "up": {"uv": [0, 8, 1, 11], "texture": "#0"},
        "down": {"uv": [0, 8, 1, 11], "texture": "#0"}
      }
    },
    {
      "from": [6.3, 1.6, 12.35],
      "to": [6.4, 1.9, 12.65],
      "rotation": {"angle": 0, "axis": "y", "origin": [7.99167, 1.1, 8]},
      "faces": {
        "north": {"uv": [0, 8, 1, 11], "rotation": 180, "texture": "#0"},
        "east": {"uv": [0, 8, 1, 11], "rotation": 180, "texture": "#0"},
        "south": {"uv": [0, 8, 1, 11], "rotation": 180, "texture": "#0"},
        "west": {"uv": [0, 8, 1, 11], "rotation": 180, "texture": "#0"},
        "up": {"uv": [0, 8, 1, 11], "rotation": 180, "texture": "#0"},
        "down": {"uv": [0, 8, 1, 11], "rotation": 180, "texture": "#0"}
      }
    },
    {
      "from": [6.3, 14.1, 3.35],
      "to": [6.4, 14.4, 3.65],
      "rotation": {"angle": 0, "axis": "y", "origin": [7.99167, 14.9, 8]},
      "faces": {
        "north": {"uv": [0, 8, 1, 11], "texture": "#0"},
        "east": {"uv": [0, 8, 1, 11], "texture": "#0"},
        "south": {"uv": [0, 8, 1, 11], "texture": "#0"},
        "west": {"uv": [0, 8, 1, 11], "texture": "#0"},
        "up": {"uv": [0, 8, 1, 11], "texture": "#0"},
        "down": {"uv": [0, 8, 1, 11], "texture": "#0"}
      }
    },
    {
      "from": [9.58333, 1.6, 3.35],
      "to": [9.68333, 1.9, 3.65],
      "rotation": {"angle": 0, "axis": "y", "origin": [7.99167, 1.1, 8]},
      "faces": {
        "north": {"uv": [0, 8, 1, 11], "rotation": 180, "texture": "#0"},
        "east": {"uv": [0, 8, 1, 11], "rotation": 180, "texture": "#0"},
        "south": {"uv": [0, 8, 1, 11], "rotation": 180, "texture": "#0"},
        "west": {"uv": [0, 8, 1, 11], "rotation": 180, "texture": "#0"},
        "up": {"uv": [0, 8, 1, 11], "rotation": 180, "texture": "#0"},
        "down": {"uv": [0, 8, 1, 11], "rotation": 180, "texture": "#0"}
      }
    },
    {
      "from": [9.58333, 14.1, 12.35],
      "to": [9.68333, 14.4, 12.65],
      "rotation": {"angle": 0, "axis": "y", "origin": [7.99167, 14.9, 8]},
      "faces": {
        "north": {"uv": [0, 8, 1, 11], "texture": "#0"},
        "east": {"uv": [0, 8, 1, 11], "texture": "#0"},
        "south": {"uv": [0, 8, 1, 11], "texture": "#0"},
        "west": {"uv": [0, 8, 1, 11], "texture": "#0"},
        "up": {"uv": [0, 8, 1, 11], "texture": "#0"},
        "down": {"uv": [0, 8, 1, 11], "texture": "#0"}
      }
    },
    {
      "from": [5.1, 0.6, 4.35],
      "to": [5.4, 0.7, 4.65],
      "rotation": {"angle": 0, "axis": "y", "origin": [7.99167, 1.1, 8]},
      "faces": {
        "north": {"uv": [0, 8, 1, 11], "rotation": 90, "texture": "#0"},
        "east": {"uv": [0, 8, 1, 11], "rotation": 90, "texture": "#0"},
        "south": {"uv": [0, 8, 1, 11], "rotation": 90, "texture": "#0"},
        "west": {"uv": [0, 8, 1, 11], "rotation": 90, "texture": "#0"},
        "up": {"uv": [0, 8, 1, 11], "rotation": 90, "texture": "#0"},
        "down": {"uv": [0, 8, 1, 11], "rotation": 90, "texture": "#0"}
      }
    },
    {
      "from": [5.1, 15.3, 11.35],
      "to": [5.4, 15.4, 11.65],
      "rotation": {"angle": 0, "axis": "y", "origin": [7.99167, 14.9, 8]},
      "faces": {
        "north": {"uv": [0, 8, 1, 11], "rotation": 90, "texture": "#0"},
        "east": {"uv": [0, 8, 1, 11], "rotation": 90, "texture": "#0"},
        "south": {"uv": [0, 8, 1, 11], "rotation": 90, "texture": "#0"},
        "west": {"uv": [0, 8, 1, 11], "rotation": 90, "texture": "#0"},
        "up": {"uv": [0, 8, 1, 11], "rotation": 90, "texture": "#0"},
        "down": {"uv": [0, 8, 1, 11], "rotation": 90, "texture": "#0"}
      }
    },
    {
      "from": [10.58333, 0.6, 11.35],
      "to": [10.88333, 0.7, 11.65],
      "rotation": {"angle": 0, "axis": "y", "origin": [7.99167, 1.1, 8]},
      "faces": {
        "north": {"uv": [0, 8, 1, 11], "rotation": 270, "texture": "#0"},
        "east": {"uv": [0, 8, 1, 11], "rotation": 270, "texture": "#0"},
        "south": {"uv": [0, 8, 1, 11], "rotation": 270, "texture": "#0"},
        "west": {"uv": [0, 8, 1, 11], "rotation": 270, "texture": "#0"},
        "up": {"uv": [0, 8, 1, 11], "rotation": 270, "texture": "#0"},
        "down": {"uv": [0, 8, 1, 11], "rotation": 270, "texture": "#0"}
      }
    },
    {
      "from": [10.58333, 15.3, 4.35],
      "to": [10.88333, 15.4, 4.65],
      "rotation": {"angle": 0, "axis": "y", "origin": [7.99167, 14.9, 8]},
      "faces": {
        "north": {"uv": [0, 8, 1, 11], "rotation": 270, "texture": "#0"},
        "east": {"uv": [0, 8, 1, 11], "rotation": 270, "texture": "#0"},
        "south": {"uv": [0, 8, 1, 11], "rotation": 270, "texture": "#0"},
        "west": {"uv": [0, 8, 1, 11], "rotation": 270, "texture": "#0"},
        "up": {"uv": [0, 8, 1, 11], "rotation": 270, "texture": "#0"},
        "down": {"uv": [0, 8, 1, 11], "rotation": 270, "texture": "#0"}
      }
    },
    {
      "from": [5.1, 0.6, 8.35],
      "to": [5.4, 0.7, 8.65],
      "rotation": {"angle": 0, "axis": "y", "origin": [7.99167, 1.1, 8]},
      "faces": {
        "north": {"uv": [0, 8, 1, 11], "rotation": 90, "texture": "#0"},
        "east": {"uv": [0, 8, 1, 11], "rotation": 90, "texture": "#0"},
        "south": {"uv": [0, 8, 1, 11], "rotation": 90, "texture": "#0"},
        "west": {"uv": [0, 8, 1, 11], "rotation": 90, "texture": "#0"},
        "up": {"uv": [0, 8, 1, 11], "rotation": 90, "texture": "#0"},
        "down": {"uv": [0, 8, 1, 11], "rotation": 90, "texture": "#0"}
      }
    },
    {
      "from": [5.1, 15.3, 7.35],
      "to": [5.4, 15.4, 7.65],
      "rotation": {"angle": 0, "axis": "y", "origin": [7.99167, 14.9, 8]},
      "faces": {
        "north": {"uv": [0, 8, 1, 11], "rotation": 90, "texture": "#0"},
        "east": {"uv": [0, 8, 1, 11], "rotation": 90, "texture": "#0"},
        "south": {"uv": [0, 8, 1, 11], "rotation": 90, "texture": "#0"},
        "west": {"uv": [0, 8, 1, 11], "rotation": 90, "texture": "#0"},
        "up": {"uv": [0, 8, 1, 11], "rotation": 90, "texture": "#0"},
        "down": {"uv": [0, 8, 1, 11], "rotation": 90, "texture": "#0"}
      }
    },
    {
      "from": [10.58333, 0.6, 7.35],
      "to": [10.88333, 0.7, 7.65],
      "rotation": {"angle": 0, "axis": "y", "origin": [7.99167, 1.1, 8]},
      "faces": {
        "north": {"uv": [0, 8, 1, 11], "rotation": 270, "texture": "#0"},
        "east": {"uv": [0, 8, 1, 11], "rotation": 270, "texture": "#0"},
        "south": {"uv": [0, 8, 1, 11], "rotation": 270, "texture": "#0"},
        "west": {"uv": [0, 8, 1, 11], "rotation": 270, "texture": "#0"},
        "up": {"uv": [0, 8, 1, 11], "rotation": 270, "texture": "#0"},
        "down": {"uv": [0, 8, 1, 11], "rotation": 270, "texture": "#0"}
      }
    },
    {
      "from": [10.58333, 15.3, 8.35],
      "to": [10.88333, 15.4, 8.65],
      "rotation": {"angle": 0, "axis": "y", "origin": [7.99167, 14.9, 8]},
      "faces": {
        "north": {"uv": [0, 8, 1, 11], "rotation": 270, "texture": "#0"},
        "east": {"uv": [0, 8, 1, 11], "rotation": 270, "texture": "#0"},
        "south": {"uv": [0, 8, 1, 11], "rotation": 270, "texture": "#0"},
        "west": {"uv": [0, 8, 1, 11], "rotation": 270, "texture": "#0"},
        "up": {"uv": [0, 8, 1, 11], "rotation": 270, "texture": "#0"},
        "down": {"uv": [0, 8, 1, 11], "rotation": 270, "texture": "#0"}
      }
    },
    {
      "from": [5.1, 0.6, 12.35],
      "to": [5.4, 0.7, 12.65],
      "rotation": {"angle": 0, "axis": "y", "origin": [7.99167, 1.1, 8]},
      "faces": {
        "north": {"uv": [0, 8, 1, 11], "rotation": 90, "texture": "#0"},
        "east": {"uv": [0, 8, 1, 11], "rotation": 90, "texture": "#0"},
        "south": {"uv": [0, 8, 1, 11], "rotation": 90, "texture": "#0"},
        "west": {"uv": [0, 8, 1, 11], "rotation": 90, "texture": "#0"},
        "up": {"uv": [0, 8, 1, 11], "rotation": 90, "texture": "#0"},
        "down": {"uv": [0, 8, 1, 11], "rotation": 90, "texture": "#0"}
      }
    },
    {
      "from": [5.1, 15.3, 3.35],
      "to": [5.4, 15.4, 3.65],
      "rotation": {"angle": 0, "axis": "y", "origin": [7.99167, 14.9, 8]},
      "faces": {
        "north": {"uv": [0, 8, 1, 11], "rotation": 90, "texture": "#0"},
        "east": {"uv": [0, 8, 1, 11], "rotation": 90, "texture": "#0"},
        "south": {"uv": [0, 8, 1, 11], "rotation": 90, "texture": "#0"},
        "west": {"uv": [0, 8, 1, 11], "rotation": 90, "texture": "#0"},
        "up": {"uv": [0, 8, 1, 11], "rotation": 90, "texture": "#0"},
        "down": {"uv": [0, 8, 1, 11], "rotation": 90, "texture": "#0"}
      }
    },
    {
      "from": [10.58333, 0.6, 3.35],
      "to": [10.88333, 0.7, 3.65],
      "rotation": {"angle": 0, "axis": "y", "origin": [7.99167, 1.1, 8]},
      "faces": {
        "north": {"uv": [0, 8, 1, 11], "rotation": 270, "texture": "#0"},
        "east": {"uv": [0, 8, 1, 11], "rotation": 270, "texture": "#0"},
        "south": {"uv": [0, 8, 1, 11], "rotation": 270, "texture": "#0"},
        "west": {"uv": [0, 8, 1, 11], "rotation": 270, "texture": "#0"},
        "up": {"uv": [0, 8, 1, 11], "rotation": 270, "texture": "#0"},
        "down": {"uv": [0, 8, 1, 11], "rotation": 270, "texture": "#0"}
      }
    },
    {
      "from": [10.58333, 15.3, 12.35],
      "to": [10.88333, 15.4, 12.65],
      "rotation": {"angle": 0, "axis": "y", "origin": [7.99167, 14.9, 8]},
      "faces": {
        "north": {"uv": [0, 8, 1, 11], "rotation": 270, "texture": "#0"},
        "east": {"uv": [0, 8, 1, 11], "rotation": 270, "texture": "#0"},
        "south": {"uv": [0, 8, 1, 11], "rotation": 270, "texture": "#0"},
        "west": {"uv": [0, 8, 1, 11], "rotation": 270, "texture": "#0"},
        "up": {"uv": [0, 8, 1, 11], "rotation": 270, "texture": "#0"},
        "down": {"uv": [0, 8, 1, 11], "rotation": 270, "texture": "#0"}
      }
    },
    {
      "from": [6.5, 13, 3],
      "to": [7.5, 15.5, 5],
      "rotation": {"angle": 0, "axis": "y", "origin": [7, 14.5, 4]},
      "faces": {
        "north": {"uv": [8, 0, 9, 3], "texture": "#0"},
        "east": {"uv": [8, 0, 9, 3], "texture": "#0"},
        "south": {"uv": [8, 0, 9, 3], "texture": "#0"},
        "west": {"uv": [8, 0, 9, 3], "texture": "#0"},
        "up": {"uv": [8, 0, 9, 3], "texture": "#0"},
        "down": {"uv": [8, 0, 9, 3], "texture": "#0"}
      }
    },
    {
      "from": [8.5, 0.5, 11],
      "to": [9.5, 3, 13],
      "rotation": {"angle": 0, "axis": "y", "origin": [9, 1.5, 12]},
      "faces": {
        "north": {"uv": [8, 0, 9, 3], "texture": "#0"},
        "east": {"uv": [8, 0, 9, 3], "texture": "#0"},
        "south": {"uv": [8, 0, 9, 3], "texture": "#0"},
        "west": {"uv": [8, 0, 9, 3], "texture": "#0"},
        "up": {"uv": [8, 0, 9, 3], "texture": "#0"},
        "down": {"uv": [8, 0, 9, 3], "texture": "#0"}
      }
    },
    {
      "from": [8.5, 13, 11],
      "to": [9.5, 15.5, 13],
      "rotation": {"angle": 0, "axis": "y", "origin": [9, 14.5, 12]},
      "faces": {
        "north": {"uv": [8, 0, 9, 3], "texture": "#0"},
        "east": {"uv": [8, 0, 9, 3], "texture": "#0"},
        "south": {"uv": [8, 0, 9, 3], "texture": "#0"},
        "west": {"uv": [8, 0, 9, 3], "texture": "#0"},
        "up": {"uv": [8, 0, 9, 3], "texture": "#0"},
        "down": {"uv": [8, 0, 9, 3], "texture": "#0"}
      }
    },
    {
      "from": [8.5, 0.5, 7],
      "to": [9.5, 3, 9],
      "rotation": {"angle": 0, "axis": "y", "origin": [9, 1.5, 8]},
      "faces": {
        "north": {"uv": [8, 0, 9, 3], "texture": "#0"},
        "east": {"uv": [8, 0, 9, 3], "texture": "#0"},
        "south": {"uv": [8, 0, 9, 3], "texture": "#0"},
        "west": {"uv": [8, 0, 9, 3], "texture": "#0"},
        "up": {"uv": [8, 0, 9, 3], "texture": "#0"},
        "down": {"uv": [8, 0, 9, 3], "texture": "#0"}
      }
    },
    {
      "from": [8.5, 13, 7],
      "to": [9.5, 15.5, 9],
      "rotation": {"angle": 0, "axis": "y", "origin": [9, 14.5, 8]},
      "faces": {
        "north": {"uv": [8, 0, 9, 3], "texture": "#0"},
        "east": {"uv": [8, 0, 9, 3], "texture": "#0"},
        "south": {"uv": [8, 0, 9, 3], "texture": "#0"},
        "west": {"uv": [8, 0, 9, 3], "texture": "#0"},
        "up": {"uv": [8, 0, 9, 3], "texture": "#0"},
        "down": {"uv": [8, 0, 9, 3], "texture": "#0"}
      }
    },
    {
      "from": [8.5, 0.5, 3],
      "to": [9.5, 3, 5],
      "rotation": {"angle": 0, "axis": "y", "origin": [9, 1.5, 4]},
      "faces": {
        "north": {"uv": [8, 0, 9, 3], "texture": "#0"},
        "east": {"uv": [8, 0, 9, 3], "texture": "#0"},
        "south": {"uv": [8, 0, 9, 3], "texture": "#0"},
        "west": {"uv": [8, 0, 9, 3], "texture": "#0"},
        "up": {"uv": [8, 0, 9, 3], "texture": "#0"},
        "down": {"uv": [8, 0, 9, 3], "texture": "#0"}
      }
    },
    {
      "from": [8.5, 13, 3],
      "to": [9.5, 15.5, 5],
      "rotation": {"angle": 0, "axis": "y", "origin": [9, 14.5, 4]},
      "faces": {
        "north": {"uv": [8, 0, 9, 3], "texture": "#0"},
        "east": {"uv": [8, 0, 9, 3], "texture": "#0"},
        "south": {"uv": [8, 0, 9, 3], "texture": "#0"},
        "west": {"uv": [8, 0, 9, 3], "texture": "#0"},
        "up": {"uv": [8, 0, 9, 3], "texture": "#0"},
        "down": {"uv": [8, 0, 9, 3], "texture": "#0"}
      }
    },
    {
      "from": [6.5, 0.5, 7],
      "to": [7.5, 3, 9],
      "rotation": {"angle": 0, "axis": "y", "origin": [7, 1.5, 8]},
      "faces": {
        "north": {"uv": [8, 0, 9, 3], "texture": "#0"},
        "east": {"uv": [8, 0, 9, 3], "texture": "#0"},
        "south": {"uv": [8, 0, 9, 3], "texture": "#0"},
        "west": {"uv": [8, 0, 9, 3], "texture": "#0"},
        "up": {"uv": [8, 0, 9, 3], "texture": "#0"},
        "down": {"uv": [8, 0, 9, 3], "texture": "#0"}
      }
    },
    {
      "from": [6.5, 13, 7],
      "to": [7.5, 15.5, 9],
      "rotation": {"angle": 0, "axis": "y", "origin": [7, 14.5, 8]},
      "faces": {
        "north": {"uv": [8, 0, 9, 3], "texture": "#0"},
        "east": {"uv": [8, 0, 9, 3], "texture": "#0"},
        "south": {"uv": [8, 0, 9, 3], "texture": "#0"},
        "west": {"uv": [8, 0, 9, 3], "texture": "#0"},
        "up": {"uv": [8, 0, 9, 3], "texture": "#0"},
        "down": {"uv": [8, 0, 9, 3], "texture": "#0"}
      }
    },
    {
      "from": [6.5, 0.5, 11],
      "to": [7.5, 3, 13],
      "rotation": {"angle": 0, "axis": "y", "origin": [7, 1.5, 12]},
      "faces": {
        "north": {"uv": [8, 0, 9, 3], "texture": "#0"},
        "east": {"uv": [8, 0, 9, 3], "texture": "#0"},
        "south": {"uv": [8, 0, 9, 3], "texture": "#0"},
        "west": {"uv": [8, 0, 9, 3], "texture": "#0"},
        "up": {"uv": [8, 0, 9, 3], "texture": "#0"},
        "down": {"uv": [8, 0, 9, 3], "texture": "#0"}
      }
    },
    {
      "from": [6.5, 13, 11],
      "to": [7.5, 15.5, 13],
      "rotation": {"angle": 0, "axis": "y", "origin": [7, 14.5, 12]},
      "faces": {
        "north": {"uv": [8, 0, 9, 3], "texture": "#0"},
        "east": {"uv": [8, 0, 9, 3], "texture": "#0"},
        "south": {"uv": [8, 0, 9, 3], "texture": "#0"},
        "west": {"uv": [8, 0, 9, 3], "texture": "#0"},
        "up": {"uv": [8, 0, 9, 3], "texture": "#0"},
        "down": {"uv": [8, 0, 9, 3], "texture": "#0"}
      }
    },
    {
      "from": [7, 7, 1],
      "to": [9, 9, 1.5],
      "rotation": {"angle": 0, "axis": "y", "origin": [15, 6.5, 14]},
      "faces": {
        "north": {"uv": [0, 8, 2, 10], "texture": "#0"},
        "east": {"uv": [0, 8, 2, 10], "texture": "#0"},
        "south": {"uv": [0, 8, 2, 10], "texture": "#0"},
        "west": {"uv": [0, 8, 2, 10], "texture": "#0"},
        "up": {"uv": [0, 8, 2, 10], "texture": "#0"},
        "down": {"uv": [0, 8, 2, 10], "texture": "#0"}
      }
    },
    {
      "from": [6, 6, 1.5],
      "to": [10, 10, 2],
      "rotation": {"angle": 0, "axis": "y", "origin": [15, 6.5, 14.5]},
      "faces": {
        "north": {"uv": [8, 0, 10, 2], "texture": "#0"},
        "east": {"uv": [8, 0, 10, 2], "texture": "#0"},
        "south": {"uv": [8, 0, 10, 2], "texture": "#0"},
        "west": {"uv": [8, 0, 10, 2], "texture": "#0"},
        "up": {"uv": [8, 0, 10, 2], "texture": "#0"},
        "down": {"uv": [8, 0, 10, 2], "texture": "#0"}
      }
    },
    {
      "from": [11.5, 9, 1.75],
      "to": [12.5, 10, 2],
      "rotation": {"angle": 0, "axis": "y", "origin": [8, 8, 0.75]},
      "faces": {
        "north": {"uv": [8, 0, 10, 2], "texture": "#0"},
        "east": {"uv": [8, 0, 10, 2], "texture": "#0"},
        "south": {"uv": [8, 0, 10, 2], "texture": "#0"},
        "west": {"uv": [8, 0, 10, 2], "texture": "#0"},
        "up": {"uv": [8, 0, 10, 2], "texture": "#0"},
        "down": {"uv": [8, 0, 10, 2], "texture": "#0"}
      }
    },
    {
      "from": [11.5, 9, 14],
      "to": [12.5, 10, 14.25],
      "rotation": {"angle": 0, "axis": "y", "origin": [8, 8, 15.25]},
      "faces": {
        "north": {"uv": [8, 0, 10, 2], "texture": "#0"},
        "east": {"uv": [8, 0, 10, 2], "texture": "#0"},
        "south": {"uv": [8, 0, 10, 2], "texture": "#0"},
        "west": {"uv": [8, 0, 10, 2], "texture": "#0"},
        "up": {"uv": [8, 0, 10, 2], "texture": "#0"},
        "down": {"uv": [8, 0, 10, 2], "texture": "#0"}
      }
    },
    {
      "from": [3.5, 9, 1.75],
      "to": [4.5, 10, 2],
      "rotation": {"angle": 0, "axis": "y", "origin": [8, 8, 0.75]},
      "faces": {
        "north": {"uv": [8, 0, 10, 2], "texture": "#0"},
        "east": {"uv": [8, 0, 10, 2], "texture": "#0"},
        "south": {"uv": [8, 0, 10, 2], "texture": "#0"},
        "west": {"uv": [8, 0, 10, 2], "texture": "#0"},
        "up": {"uv": [8, 0, 10, 2], "texture": "#0"},
        "down": {"uv": [8, 0, 10, 2], "texture": "#0"}
      }
    },
    {
      "from": [3.5, 9, 14],
      "to": [4.5, 10, 14.25],
      "rotation": {"angle": 0, "axis": "y", "origin": [8, 8, 15.25]},
      "faces": {
        "north": {"uv": [8, 0, 10, 2], "texture": "#0"},
        "east": {"uv": [8, 0, 10, 2], "texture": "#0"},
        "south": {"uv": [8, 0, 10, 2], "texture": "#0"},
        "west": {"uv": [8, 0, 10, 2], "texture": "#0"},
        "up": {"uv": [8, 0, 10, 2], "texture": "#0"},
        "down": {"uv": [8, 0, 10, 2], "texture": "#0"}
      }
    },
    {
      "from": [11.75, 9.25, 1.5],
      "to": [12.25, 9.75, 1.75],
      "rotation": {"angle": 0, "axis": "y", "origin": [8, 8, 0.75]},
      "faces": {
        "north": {"uv": [0, 8, 2, 10], "texture": "#0"},
        "east": {"uv": [0, 8, 2, 10], "texture": "#0"},
        "south": {"uv": [0, 8, 2, 10], "texture": "#0"},
        "west": {"uv": [0, 8, 2, 10], "texture": "#0"},
        "up": {"uv": [0, 8, 2, 10], "texture": "#0"},
        "down": {"uv": [0, 8, 2, 10], "texture": "#0"}
      }
    },
    {
      "from": [11.75, 9.25, 14.25],
      "to": [12.25, 9.75, 14.5],
      "rotation": {"angle": 0, "axis": "y", "origin": [8, 8, 15.25]},
      "faces": {
        "north": {"uv": [0, 8, 2, 10], "texture": "#0"},
        "east": {"uv": [0, 8, 2, 10], "texture": "#0"},
        "south": {"uv": [0, 8, 2, 10], "texture": "#0"},
        "west": {"uv": [0, 8, 2, 10], "texture": "#0"},
        "up": {"uv": [0, 8, 2, 10], "texture": "#0"},
        "down": {"uv": [0, 8, 2, 10], "texture": "#0"}
      }
    },
    {
      "from": [3.75, 9.25, 1.5],
      "to": [4.25, 9.75, 1.75],
      "rotation": {"angle": 0, "axis": "y", "origin": [8, 8, 0.75]},
      "faces": {
        "north": {"uv": [0, 8, 2, 10], "texture": "#0"},
        "east": {"uv": [0, 8, 2, 10], "texture": "#0"},
        "south": {"uv": [0, 8, 2, 10], "texture": "#0"},
        "west": {"uv": [0, 8, 2, 10], "texture": "#0"},
        "up": {"uv": [0, 8, 2, 10], "texture": "#0"},
        "down": {"uv": [0, 8, 2, 10], "texture": "#0"}
      }
    },
    {
      "from": [3.75, 9.25, 14.25],
      "to": [4.25, 9.75, 14.5],
      "rotation": {"angle": 0, "axis": "y", "origin": [8, 8, 15.25]},
      "faces": {
        "north": {"uv": [0, 8, 2, 10], "texture": "#0"},
        "east": {"uv": [0, 8, 2, 10], "texture": "#0"},
        "south": {"uv": [0, 8, 2, 10], "texture": "#0"},
        "west": {"uv": [0, 8, 2, 10], "texture": "#0"},
        "up": {"uv": [0, 8, 2, 10], "texture": "#0"},
        "down": {"uv": [0, 8, 2, 10], "texture": "#0"}
      }
    },
    {
      "from": [9.25, 11.75, 1.5],
      "to": [9.75, 12.25, 1.75],
      "rotation": {"angle": 0, "axis": "y", "origin": [8, 8, 0.75]},
      "faces": {
        "north": {"uv": [0, 8, 2, 10], "texture": "#0"},
        "east": {"uv": [0, 8, 2, 10], "texture": "#0"},
        "south": {"uv": [0, 8, 2, 10], "texture": "#0"},
        "west": {"uv": [0, 8, 2, 10], "texture": "#0"},
        "up": {"uv": [0, 8, 2, 10], "texture": "#0"},
        "down": {"uv": [0, 8, 2, 10], "texture": "#0"}
      }
    },
    {
      "from": [9.25, 11.75, 14.25],
      "to": [9.75, 12.25, 14.5],
      "rotation": {"angle": 0, "axis": "y", "origin": [8, 8, 15.25]},
      "faces": {
        "north": {"uv": [0, 8, 2, 10], "texture": "#0"},
        "east": {"uv": [0, 8, 2, 10], "texture": "#0"},
        "south": {"uv": [0, 8, 2, 10], "texture": "#0"},
        "west": {"uv": [0, 8, 2, 10], "texture": "#0"},
        "up": {"uv": [0, 8, 2, 10], "texture": "#0"},
        "down": {"uv": [0, 8, 2, 10], "texture": "#0"}
      }
    },
    {
      "from": [9.25, 3.75, 1.5],
      "to": [9.75, 4.25, 1.75],
      "rotation": {"angle": 0, "axis": "y", "origin": [8, 8, 0.75]},
      "faces": {
        "north": {"uv": [0, 8, 2, 10], "texture": "#0"},
        "east": {"uv": [0, 8, 2, 10], "texture": "#0"},
        "south": {"uv": [0, 8, 2, 10], "texture": "#0"},
        "west": {"uv": [0, 8, 2, 10], "texture": "#0"},
        "up": {"uv": [0, 8, 2, 10], "texture": "#0"},
        "down": {"uv": [0, 8, 2, 10], "texture": "#0"}
      }
    },
    {
      "from": [9.25, 3.75, 14.25],
      "to": [9.75, 4.25, 14.5],
      "rotation": {"angle": 0, "axis": "y", "origin": [8, 8, 15.25]},
      "faces": {
        "north": {"uv": [0, 8, 2, 10], "texture": "#0"},
        "east": {"uv": [0, 8, 2, 10], "texture": "#0"},
        "south": {"uv": [0, 8, 2, 10], "texture": "#0"},
        "west": {"uv": [0, 8, 2, 10], "texture": "#0"},
        "up": {"uv": [0, 8, 2, 10], "texture": "#0"},
        "down": {"uv": [0, 8, 2, 10], "texture": "#0"}
      }
    },
    {
      "from": [6.25, 11.75, 1.5],
      "to": [6.75, 12.25, 1.75],
      "rotation": {"angle": 0, "axis": "y", "origin": [8, 8, 0.75]},
      "faces": {
        "north": {"uv": [0, 8, 2, 10], "texture": "#0"},
        "east": {"uv": [0, 8, 2, 10], "texture": "#0"},
        "south": {"uv": [0, 8, 2, 10], "texture": "#0"},
        "west": {"uv": [0, 8, 2, 10], "texture": "#0"},
        "up": {"uv": [0, 8, 2, 10], "texture": "#0"},
        "down": {"uv": [0, 8, 2, 10], "texture": "#0"}
      }
    },
    {
      "from": [6.25, 11.75, 14.25],
      "to": [6.75, 12.25, 14.5],
      "rotation": {"angle": 0, "axis": "y", "origin": [8, 8, 15.25]},
      "faces": {
        "north": {"uv": [0, 8, 2, 10], "texture": "#0"},
        "east": {"uv": [0, 8, 2, 10], "texture": "#0"},
        "south": {"uv": [0, 8, 2, 10], "texture": "#0"},
        "west": {"uv": [0, 8, 2, 10], "texture": "#0"},
        "up": {"uv": [0, 8, 2, 10], "texture": "#0"},
        "down": {"uv": [0, 8, 2, 10], "texture": "#0"}
      }
    },
    {
      "from": [6.25, 3.75, 1.5],
      "to": [6.75, 4.25, 1.75],
      "rotation": {"angle": 0, "axis": "y", "origin": [8, 8, 0.75]},
      "faces": {
        "north": {"uv": [0, 8, 2, 10], "texture": "#0"},
        "east": {"uv": [0, 8, 2, 10], "texture": "#0"},
        "south": {"uv": [0, 8, 2, 10], "texture": "#0"},
        "west": {"uv": [0, 8, 2, 10], "texture": "#0"},
        "up": {"uv": [0, 8, 2, 10], "texture": "#0"},
        "down": {"uv": [0, 8, 2, 10], "texture": "#0"}
      }
    },
    {
      "from": [6.25, 3.75, 14.25],
      "to": [6.75, 4.25, 14.5],
      "rotation": {"angle": 0, "axis": "y", "origin": [8, 8, 15.25]},
      "faces": {
        "north": {"uv": [0, 8, 2, 10], "texture": "#0"},
        "east": {"uv": [0, 8, 2, 10], "texture": "#0"},
        "south": {"uv": [0, 8, 2, 10], "texture": "#0"},
        "west": {"uv": [0, 8, 2, 10], "texture": "#0"},
        "up": {"uv": [0, 8, 2, 10], "texture": "#0"},
        "down": {"uv": [0, 8, 2, 10], "texture": "#0"}
      }
    },
    {
      "from": [11.75, 6.25, 1.5],
      "to": [12.25, 6.75, 1.75],
      "rotation": {"angle": 0, "axis": "y", "origin": [8, 8, 0.75]},
      "faces": {
        "north": {"uv": [0, 8, 2, 10], "texture": "#0"},
        "east": {"uv": [0, 8, 2, 10], "texture": "#0"},
        "south": {"uv": [0, 8, 2, 10], "texture": "#0"},
        "west": {"uv": [0, 8, 2, 10], "texture": "#0"},
        "up": {"uv": [0, 8, 2, 10], "texture": "#0"},
        "down": {"uv": [0, 8, 2, 10], "texture": "#0"}
      }
    },
    {
      "from": [11.75, 6.25, 14.25],
      "to": [12.25, 6.75, 14.5],
      "rotation": {"angle": 0, "axis": "y", "origin": [8, 8, 15.25]},
      "faces": {
        "north": {"uv": [0, 8, 2, 10], "texture": "#0"},
        "east": {"uv": [0, 8, 2, 10], "texture": "#0"},
        "south": {"uv": [0, 8, 2, 10], "texture": "#0"},
        "west": {"uv": [0, 8, 2, 10], "texture": "#0"},
        "up": {"uv": [0, 8, 2, 10], "texture": "#0"},
        "down": {"uv": [0, 8, 2, 10], "texture": "#0"}
      }
    },
    {
      "from": [3.75, 6.25, 1.5],
      "to": [4.25, 6.75, 1.75],
      "rotation": {"angle": 0, "axis": "y", "origin": [8, 8, 0.75]},
      "faces": {
        "north": {"uv": [0, 8, 2, 10], "texture": "#0"},
        "east": {"uv": [0, 8, 2, 10], "texture": "#0"},
        "south": {"uv": [0, 8, 2, 10], "texture": "#0"},
        "west": {"uv": [0, 8, 2, 10], "texture": "#0"},
        "up": {"uv": [0, 8, 2, 10], "texture": "#0"},
        "down": {"uv": [0, 8, 2, 10], "texture": "#0"}
      }
    },
    {
      "from": [3.75, 6.25, 14.25],
      "to": [4.25, 6.75, 14.5],
      "rotation": {"angle": 0, "axis": "y", "origin": [8, 8, 15.25]},
      "faces": {
        "north": {"uv": [0, 8, 2, 10], "texture": "#0"},
        "east": {"uv": [0, 8, 2, 10], "texture": "#0"},
        "south": {"uv": [0, 8, 2, 10], "texture": "#0"},
        "west": {"uv": [0, 8, 2, 10], "texture": "#0"},
        "up": {"uv": [0, 8, 2, 10], "texture": "#0"},
        "down": {"uv": [0, 8, 2, 10], "texture": "#0"}
      }
    },
    {
      "from": [9, 11.5, 1.75],
      "to": [10, 12.5, 2],
      "rotation": {"angle": 0, "axis": "y", "origin": [8, 8, 0.75]},
      "faces": {
        "north": {"uv": [8, 0, 10, 2], "texture": "#0"},
        "east": {"uv": [8, 0, 10, 2], "texture": "#0"},
        "south": {"uv": [8, 0, 10, 2], "texture": "#0"},
        "west": {"uv": [8, 0, 10, 2], "texture": "#0"},
        "up": {"uv": [8, 0, 10, 2], "texture": "#0"},
        "down": {"uv": [8, 0, 10, 2], "texture": "#0"}
      }
    },
    {
      "from": [9, 11.5, 14],
      "to": [10, 12.5, 14.25],
      "rotation": {"angle": 0, "axis": "y", "origin": [8, 8, 15.25]},
      "faces": {
        "north": {"uv": [8, 0, 10, 2], "texture": "#0"},
        "east": {"uv": [8, 0, 10, 2], "texture": "#0"},
        "south": {"uv": [8, 0, 10, 2], "texture": "#0"},
        "west": {"uv": [8, 0, 10, 2], "texture": "#0"},
        "up": {"uv": [8, 0, 10, 2], "texture": "#0"},
        "down": {"uv": [8, 0, 10, 2], "texture": "#0"}
      }
    },
    {
      "from": [9, 3.5, 1.75],
      "to": [10, 4.5, 2],
      "rotation": {"angle": 0, "axis": "y", "origin": [8, 8, 0.75]},
      "faces": {
        "north": {"uv": [8, 0, 10, 2], "texture": "#0"},
        "east": {"uv": [8, 0, 10, 2], "texture": "#0"},
        "south": {"uv": [8, 0, 10, 2], "texture": "#0"},
        "west": {"uv": [8, 0, 10, 2], "texture": "#0"},
        "up": {"uv": [8, 0, 10, 2], "texture": "#0"},
        "down": {"uv": [8, 0, 10, 2], "texture": "#0"}
      }
    },
    {
      "from": [9, 3.5, 14],
      "to": [10, 4.5, 14.25],
      "rotation": {"angle": 0, "axis": "y", "origin": [8, 8, 15.25]},
      "faces": {
        "north": {"uv": [8, 0, 10, 2], "texture": "#0"},
        "east": {"uv": [8, 0, 10, 2], "texture": "#0"},
        "south": {"uv": [8, 0, 10, 2], "texture": "#0"},
        "west": {"uv": [8, 0, 10, 2], "texture": "#0"},
        "up": {"uv": [8, 0, 10, 2], "texture": "#0"},
        "down": {"uv": [8, 0, 10, 2], "texture": "#0"}
      }
    },
    {
      "from": [6, 11.5, 1.75],
      "to": [7, 12.5, 2],
      "rotation": {"angle": 0, "axis": "y", "origin": [8, 8, 0.75]},
      "faces": {
        "north": {"uv": [8, 0, 10, 2], "texture": "#0"},
        "east": {"uv": [8, 0, 10, 2], "texture": "#0"},
        "south": {"uv": [8, 0, 10, 2], "texture": "#0"},
        "west": {"uv": [8, 0, 10, 2], "texture": "#0"},
        "up": {"uv": [8, 0, 10, 2], "texture": "#0"},
        "down": {"uv": [8, 0, 10, 2], "texture": "#0"}
      }
    },
    {
      "from": [6, 11.5, 14],
      "to": [7, 12.5, 14.25],
      "rotation": {"angle": 0, "axis": "y", "origin": [8, 8, 15.25]},
      "faces": {
        "north": {"uv": [8, 0, 10, 2], "texture": "#0"},
        "east": {"uv": [8, 0, 10, 2], "texture": "#0"},
        "south": {"uv": [8, 0, 10, 2], "texture": "#0"},
        "west": {"uv": [8, 0, 10, 2], "texture": "#0"},
        "up": {"uv": [8, 0, 10, 2], "texture": "#0"},
        "down": {"uv": [8, 0, 10, 2], "texture": "#0"}
      }
    },
    {
      "from": [6, 3.5, 1.75],
      "to": [7, 4.5, 2],
      "rotation": {"angle": 0, "axis": "y", "origin": [8, 8, 0.75]},
      "faces": {
        "north": {"uv": [8, 0, 10, 2], "texture": "#0"},
        "east": {"uv": [8, 0, 10, 2], "texture": "#0"},
        "south": {"uv": [8, 0, 10, 2], "texture": "#0"},
        "west": {"uv": [8, 0, 10, 2], "texture": "#0"},
        "up": {"uv": [8, 0, 10, 2], "texture": "#0"},
        "down": {"uv": [8, 0, 10, 2], "texture": "#0"}
      }
    },
    {
      "from": [6, 3.5, 14],
      "to": [7, 4.5, 14.25],
      "rotation": {"angle": 0, "axis": "y", "origin": [8, 8, 15.25]},
      "faces": {
        "north": {"uv": [8, 0, 10, 2], "texture": "#0"},
        "east": {"uv": [8, 0, 10, 2], "texture": "#0"},
        "south": {"uv": [8, 0, 10, 2], "texture": "#0"},
        "west": {"uv": [8, 0, 10, 2], "texture": "#0"},
        "up": {"uv": [8, 0, 10, 2], "texture": "#0"},
        "down": {"uv": [8, 0, 10, 2], "texture": "#0"}
      }
    },
    {
      "from": [11.5, 6, 1.75],
      "to": [12.5, 7, 2],
      "rotation": {"angle": 0, "axis": "y", "origin": [8, 8, 0.75]},
      "faces": {
        "north": {"uv": [8, 0, 10, 2], "texture": "#0"},
        "east": {"uv": [8, 0, 10, 2], "texture": "#0"},
        "south": {"uv": [8, 0, 10, 2], "texture": "#0"},
        "west": {"uv": [8, 0, 10, 2], "texture": "#0"},
        "up": {"uv": [8, 0, 10, 2], "texture": "#0"},
        "down": {"uv": [8, 0, 10, 2], "texture": "#0"}
      }
    },
    {
      "from": [11.5, 6, 14],
      "to": [12.5, 7, 14.25],
      "rotation": {"angle": 0, "axis": "y", "origin": [8, 8, 15.25]},
      "faces": {
        "north": {"uv": [8, 0, 10, 2], "texture": "#0"},
        "east": {"uv": [8, 0, 10, 2], "texture": "#0"},
        "south": {"uv": [8, 0, 10, 2], "texture": "#0"},
        "west": {"uv": [8, 0, 10, 2], "texture": "#0"},
        "up": {"uv": [8, 0, 10, 2], "texture": "#0"},
        "down": {"uv": [8, 0, 10, 2], "texture": "#0"}
      }
    },
    {
      "from": [3.5, 6, 1.75],
      "to": [4.5, 7, 2],
      "rotation": {"angle": 0, "axis": "y", "origin": [8, 8, 0.75]},
      "faces": {
        "north": {"uv": [8, 0, 10, 2], "texture": "#0"},
        "east": {"uv": [8, 0, 10, 2], "texture": "#0"},
        "south": {"uv": [8, 0, 10, 2], "texture": "#0"},
        "west": {"uv": [8, 0, 10, 2], "texture": "#0"},
        "up": {"uv": [8, 0, 10, 2], "texture": "#0"},
        "down": {"uv": [8, 0, 10, 2], "texture": "#0"}
      }
    },
    {
      "from": [3.5, 6, 14],
      "to": [4.5, 7, 14.25],
      "rotation": {"angle": 0, "axis": "y", "origin": [8, 8, 15.25]},
      "faces": {
        "north": {"uv": [8, 0, 10, 2], "texture": "#0"},
        "east": {"uv": [8, 0, 10, 2], "texture": "#0"},
        "south": {"uv": [8, 0, 10, 2], "texture": "#0"},
        "west": {"uv": [8, 0, 10, 2], "texture": "#0"},
        "up": {"uv": [8, 0, 10, 2], "texture": "#0"},
        "down": {"uv": [8, 0, 10, 2], "texture": "#0"}
      }
    },
    {
      "from": [6, 6, 14],
      "to": [10, 10, 14.5],
      "rotation": {"angle": 0, "axis": "y", "origin": [15, 6.5, 29]},
      "faces": {
        "north": {"uv": [8, 0, 10, 2], "texture": "#0"},
        "east": {"uv": [8, 0, 10, 2], "texture": "#0"},
        "south": {"uv": [8, 0, 10, 2], "texture": "#0"},
        "west": {"uv": [8, 0, 10, 2], "texture": "#0"},
        "up": {"uv": [8, 0, 10, 2], "texture": "#0"},
        "down": {"uv": [8, 0, 10, 2], "texture": "#0"}
      }
    },
    {
      "from": [7, 7, 14.5],
      "to": [9, 9, 15],
      "rotation": {"angle": 0, "axis": "y", "origin": [15, 6.5, 29.5]},
      "faces": {
        "north": {"uv": [0, 8, 2, 10], "texture": "#0"},
        "east": {"uv": [0, 8, 2, 10], "texture": "#0"},
        "south": {"uv": [0, 8, 2, 10], "texture": "#0"},
        "west": {"uv": [0, 8, 2, 10], "texture": "#0"},
        "up": {"uv": [0, 8, 2, 10], "texture": "#0"},
        "down": {"uv": [0, 8, 2, 10], "texture": "#0"}
      }
    },
    {
      "from": [2, 0.5, 1],
      "to": [4, 1.5, 3],
      "rotation": {"angle": 0, "axis": "y", "origin": [8, 1.03571, 8]},
      "faces": {
        "north": {"uv": [8, 0, 10, 1], "texture": "#0"},
        "east": {"uv": [8, 0, 10, 1], "texture": "#0"},
        "south": {"uv": [8, 0, 10, 1], "texture": "#0"},
        "west": {"uv": [8, 0, 10, 1], "texture": "#0"},
        "up": {"uv": [8, 0, 10, 1], "texture": "#0"},
        "down": {"uv": [8, 0, 10, 1], "texture": "#0"}
      }
    },
    {
      "from": [12, 14.49643, 1],
      "to": [14, 15.49643, 3],
      "rotation": {"angle": 0, "axis": "y", "origin": [8, 14.96071, 8]},
      "faces": {
        "north": {"uv": [8, 0, 10, 1], "rotation": 180, "texture": "#0"},
        "east": {"uv": [8, 0, 10, 1], "rotation": 180, "texture": "#0"},
        "south": {"uv": [8, 0, 10, 1], "rotation": 180, "texture": "#0"},
        "west": {"uv": [8, 0, 10, 1], "rotation": 180, "texture": "#0"},
        "up": {"uv": [8, 0, 10, 1], "rotation": 180, "texture": "#0"},
        "down": {"uv": [8, 0, 10, 1], "rotation": 180, "texture": "#0"}
      }
    },
    {
      "from": [3.5, 0.5, 3],
      "to": [3.75, 0.75, 7],
      "rotation": {"angle": 0, "axis": "y", "origin": [8, 1.03571, 8]},
      "faces": {
        "north": {"uv": [0, 0, 1, 2], "texture": "#0"},
        "east": {"uv": [0, 0, 1, 2], "texture": "#0"},
        "south": {"uv": [0, 0, 1, 2], "texture": "#0"},
        "west": {"uv": [0, 0, 1, 2], "texture": "#0"},
        "up": {"uv": [0, 0, 1, 2], "texture": "#0"},
        "down": {"uv": [0, 0, 1, 2], "texture": "#0"}
      }
    },
    {
      "from": [12.25, 15.24643, 3],
      "to": [12.5, 15.49643, 7],
      "rotation": {"angle": 0, "axis": "y", "origin": [8, 14.96071, 8]},
      "faces": {
        "north": {"uv": [0, 0, 1, 2], "rotation": 180, "texture": "#0"},
        "east": {"uv": [0, 0, 1, 2], "rotation": 180, "texture": "#0"},
        "south": {"uv": [0, 0, 1, 2], "rotation": 180, "texture": "#0"},
        "west": {"uv": [0, 0, 1, 2], "rotation": 180, "texture": "#0"},
        "up": {"uv": [0, 0, 1, 2], "rotation": 180, "texture": "#0"},
        "down": {"uv": [0, 0, 1, 2], "rotation": 180, "texture": "#0"}
      }
    },
    {
      "from": [3.75, 0.5, 6.75],
      "to": [7, 0.75, 7],
      "rotation": {"angle": 0, "axis": "y", "origin": [8, 1.03571, 8]},
      "faces": {
        "north": {"uv": [0, 0, 1, 2], "texture": "#0"},
        "east": {"uv": [0, 0, 1, 2], "texture": "#0"},
        "south": {"uv": [0, 0, 1, 2], "texture": "#0"},
        "west": {"uv": [0, 0, 1, 2], "texture": "#0"},
        "up": {"uv": [0, 0, 1, 2], "texture": "#0"},
        "down": {"uv": [0, 0, 1, 2], "texture": "#0"}
      }
    },
    {
      "from": [9, 15.24643, 6.75],
      "to": [12.25, 15.49643, 7],
      "rotation": {"angle": 0, "axis": "y", "origin": [8, 14.96071, 8]},
      "faces": {
        "north": {"uv": [0, 0, 1, 2], "rotation": 180, "texture": "#0"},
        "east": {"uv": [0, 0, 1, 2], "rotation": 180, "texture": "#0"},
        "south": {"uv": [0, 0, 1, 2], "rotation": 180, "texture": "#0"},
        "west": {"uv": [0, 0, 1, 2], "rotation": 180, "texture": "#0"},
        "up": {"uv": [0, 0, 1, 2], "rotation": 180, "texture": "#0"},
        "down": {"uv": [0, 0, 1, 2], "rotation": 180, "texture": "#0"}
      }
    },
    {
      "from": [2.5, 0.5, 10.75],
      "to": [7, 0.75, 11],
      "rotation": {"angle": 0, "axis": "y", "origin": [8, 1.03571, 8]},
      "faces": {
        "north": {"uv": [0, 0, 1, 2], "texture": "#0"},
        "east": {"uv": [0, 0, 1, 2], "texture": "#0"},
        "south": {"uv": [0, 0, 1, 2], "texture": "#0"},
        "west": {"uv": [0, 0, 1, 2], "texture": "#0"},
        "up": {"uv": [0, 0, 1, 2], "texture": "#0"},
        "down": {"uv": [0, 0, 1, 2], "texture": "#0"}
      }
    },
    {
      "from": [9, 15.24643, 10.75],
      "to": [13.5, 15.49643, 11],
      "rotation": {"angle": 0, "axis": "y", "origin": [8, 14.96071, 8]},
      "faces": {
        "north": {"uv": [0, 0, 1, 2], "rotation": 180, "texture": "#0"},
        "east": {"uv": [0, 0, 1, 2], "rotation": 180, "texture": "#0"},
        "south": {"uv": [0, 0, 1, 2], "rotation": 180, "texture": "#0"},
        "west": {"uv": [0, 0, 1, 2], "rotation": 180, "texture": "#0"},
        "up": {"uv": [0, 0, 1, 2], "rotation": 180, "texture": "#0"},
        "down": {"uv": [0, 0, 1, 2], "rotation": 180, "texture": "#0"}
      }
    },
    {
      "from": [6.75, 0.75, 6.75],
      "to": [7, 3, 7],
      "rotation": {"angle": 0, "axis": "y", "origin": [8, 1.03571, 8]},
      "faces": {
        "north": {"uv": [0, 0, 1, 2], "texture": "#0"},
        "east": {"uv": [0, 0, 1, 2], "texture": "#0"},
        "south": {"uv": [0, 0, 1, 2], "texture": "#0"},
        "west": {"uv": [0, 0, 1, 2], "texture": "#0"},
        "up": {"uv": [0, 0, 1, 2], "texture": "#0"},
        "down": {"uv": [0, 0, 1, 2], "texture": "#0"}
      }
    },
    {
      "from": [9, 12.99643, 6.75],
      "to": [9.25, 15.24643, 7],
      "rotation": {"angle": 0, "axis": "y", "origin": [8, 14.96071, 8]},
      "faces": {
        "north": {"uv": [0, 0, 1, 2], "rotation": 180, "texture": "#0"},
        "east": {"uv": [0, 0, 1, 2], "rotation": 180, "texture": "#0"},
        "south": {"uv": [0, 0, 1, 2], "rotation": 180, "texture": "#0"},
        "west": {"uv": [0, 0, 1, 2], "rotation": 180, "texture": "#0"},
        "up": {"uv": [0, 0, 1, 2], "rotation": 180, "texture": "#0"},
        "down": {"uv": [0, 0, 1, 2], "rotation": 180, "texture": "#0"}
      }
    },
    {
      "from": [6.75, 0.75, 10.75],
      "to": [7, 3, 11],
      "rotation": {"angle": 0, "axis": "y", "origin": [8, 1.03571, 8]},
      "faces": {
        "north": {"uv": [0, 0, 1, 2], "texture": "#0"},
        "east": {"uv": [0, 0, 1, 2], "texture": "#0"},
        "south": {"uv": [0, 0, 1, 2], "texture": "#0"},
        "west": {"uv": [0, 0, 1, 2], "texture": "#0"},
        "up": {"uv": [0, 0, 1, 2], "texture": "#0"},
        "down": {"uv": [0, 0, 1, 2], "texture": "#0"}
      }
    },
    {
      "from": [9, 12.99643, 10.75],
      "to": [9.25, 15.24643, 11],
      "rotation": {"angle": 0, "axis": "y", "origin": [8, 14.96071, 8]},
      "faces": {
        "north": {"uv": [0, 0, 1, 2], "rotation": 180, "texture": "#0"},
        "east": {"uv": [0, 0, 1, 2], "rotation": 180, "texture": "#0"},
        "south": {"uv": [0, 0, 1, 2], "rotation": 180, "texture": "#0"},
        "west": {"uv": [0, 0, 1, 2], "rotation": 180, "texture": "#0"},
        "up": {"uv": [0, 0, 1, 2], "rotation": 180, "texture": "#0"},
        "down": {"uv": [0, 0, 1, 2], "rotation": 180, "texture": "#0"}
      }
    },
    {
      "from": [2.25, 0.5, 3],
      "to": [2.5, 0.75, 11],
      "rotation": {"angle": 0, "axis": "y", "origin": [8, 1.03571, 8]},
      "faces": {
        "north": {"uv": [0, 0, 1, 2], "texture": "#0"},
        "east": {"uv": [0, 0, 1, 2], "texture": "#0"},
        "south": {"uv": [0, 0, 1, 2], "texture": "#0"},
        "west": {"uv": [0, 0, 1, 2], "texture": "#0"},
        "up": {"uv": [0, 0, 1, 2], "texture": "#0"},
        "down": {"uv": [0, 0, 1, 2], "texture": "#0"}
      }
    },
    {
      "from": [13.5, 15.24643, 3],
      "to": [13.75, 15.49643, 11],
      "rotation": {"angle": 0, "axis": "y", "origin": [8, 14.96071, 8]},
      "faces": {
        "north": {"uv": [0, 0, 1, 2], "rotation": 180, "texture": "#0"},
        "east": {"uv": [0, 0, 1, 2], "rotation": 180, "texture": "#0"},
        "south": {"uv": [0, 0, 1, 2], "rotation": 180, "texture": "#0"},
        "west": {"uv": [0, 0, 1, 2], "rotation": 180, "texture": "#0"},
        "up": {"uv": [0, 0, 1, 2], "rotation": 180, "texture": "#0"},
        "down": {"uv": [0, 0, 1, 2], "rotation": 180, "texture": "#0"}
      }
    },
    {
      "from": [12, 0.5, 13],
      "to": [14, 1.5, 15],
      "rotation": {"angle": 0, "axis": "y", "origin": [8, 1.03571, 8]},
      "faces": {
        "north": {"uv": [8, 0, 10, 1], "texture": "#0"},
        "east": {"uv": [8, 0, 10, 1], "texture": "#0"},
        "south": {"uv": [8, 0, 10, 1], "texture": "#0"},
        "west": {"uv": [8, 0, 10, 1], "texture": "#0"},
        "up": {"uv": [8, 0, 10, 1], "texture": "#0"},
        "down": {"uv": [8, 0, 10, 1], "texture": "#0"}
      }
    },
    {
      "from": [2, 14.49643, 13],
      "to": [4, 15.49643, 15],
      "rotation": {"angle": 0, "axis": "y", "origin": [8, 14.96071, 8]},
      "faces": {
        "north": {"uv": [8, 0, 10, 1], "rotation": 180, "texture": "#0"},
        "east": {"uv": [8, 0, 10, 1], "rotation": 180, "texture": "#0"},
        "south": {"uv": [8, 0, 10, 1], "rotation": 180, "texture": "#0"},
        "west": {"uv": [8, 0, 10, 1], "rotation": 180, "texture": "#0"},
        "up": {"uv": [8, 0, 10, 1], "rotation": 180, "texture": "#0"},
        "down": {"uv": [8, 0, 10, 1], "rotation": 180, "texture": "#0"}
      }
    },
    {
      "from": [12.25, 0.5, 9],
      "to": [12.5, 0.75, 13],
      "rotation": {"angle": 0, "axis": "y", "origin": [8, 1.03571, 8]},
      "faces": {
        "north": {"uv": [0, 0, 2, 1], "texture": "#0"},
        "east": {"uv": [0, 0, 2, 1], "texture": "#0"},
        "south": {"uv": [0, 0, 2, 1], "texture": "#0"},
        "west": {"uv": [0, 0, 2, 1], "texture": "#0"},
        "up": {"uv": [0, 0, 2, 1], "texture": "#0"},
        "down": {"uv": [0, 0, 2, 1], "texture": "#0"}
      }
    },
    {
      "from": [3.5, 15.24643, 9],
      "to": [3.75, 15.49643, 13],
      "rotation": {"angle": 0, "axis": "y", "origin": [8, 14.96071, 8]},
      "faces": {
        "north": {"uv": [0, 0, 2, 1], "rotation": 180, "texture": "#0"},
        "east": {"uv": [0, 0, 2, 1], "rotation": 180, "texture": "#0"},
        "south": {"uv": [0, 0, 2, 1], "rotation": 180, "texture": "#0"},
        "west": {"uv": [0, 0, 2, 1], "rotation": 180, "texture": "#0"},
        "up": {"uv": [0, 0, 2, 1], "rotation": 180, "texture": "#0"},
        "down": {"uv": [0, 0, 2, 1], "rotation": 180, "texture": "#0"}
      }
    },
    {
      "from": [9, 0.5, 9],
      "to": [12.25, 0.75, 9.25],
      "rotation": {"angle": 0, "axis": "y", "origin": [8, 1.03571, 8]},
      "faces": {
        "north": {"uv": [0, 0, 2, 1], "texture": "#0"},
        "east": {"uv": [0, 0, 2, 1], "texture": "#0"},
        "south": {"uv": [0, 0, 2, 1], "texture": "#0"},
        "west": {"uv": [0, 0, 2, 1], "texture": "#0"},
        "up": {"uv": [0, 0, 2, 1], "texture": "#0"},
        "down": {"uv": [0, 0, 2, 1], "texture": "#0"}
      }
    },
    {
      "from": [3.75, 15.24643, 9],
      "to": [7, 15.49643, 9.25],
      "rotation": {"angle": 0, "axis": "y", "origin": [8, 14.96071, 8]},
      "faces": {
        "north": {"uv": [0, 0, 2, 1], "rotation": 180, "texture": "#0"},
        "east": {"uv": [0, 0, 2, 1], "rotation": 180, "texture": "#0"},
        "south": {"uv": [0, 0, 2, 1], "rotation": 180, "texture": "#0"},
        "west": {"uv": [0, 0, 2, 1], "rotation": 180, "texture": "#0"},
        "up": {"uv": [0, 0, 2, 1], "rotation": 180, "texture": "#0"},
        "down": {"uv": [0, 0, 2, 1], "rotation": 180, "texture": "#0"}
      }
    },
    {
      "from": [9, 0.5, 5],
      "to": [13.5, 0.75, 5.25],
      "rotation": {"angle": 0, "axis": "y", "origin": [8, 1.03571, 8]},
      "faces": {
        "north": {"uv": [0, 0, 2, 1], "texture": "#0"},
        "east": {"uv": [0, 0, 2, 1], "texture": "#0"},
        "south": {"uv": [0, 0, 2, 1], "texture": "#0"},
        "west": {"uv": [0, 0, 2, 1], "texture": "#0"},
        "up": {"uv": [0, 0, 2, 1], "texture": "#0"},
        "down": {"uv": [0, 0, 2, 1], "texture": "#0"}
      }
    },
    {
      "from": [2.5, 15.24643, 5],
      "to": [7, 15.49643, 5.25],
      "rotation": {"angle": 0, "axis": "y", "origin": [8, 14.96071, 8]},
      "faces": {
        "north": {"uv": [0, 0, 2, 1], "rotation": 180, "texture": "#0"},
        "east": {"uv": [0, 0, 2, 1], "rotation": 180, "texture": "#0"},
        "south": {"uv": [0, 0, 2, 1], "rotation": 180, "texture": "#0"},
        "west": {"uv": [0, 0, 2, 1], "rotation": 180, "texture": "#0"},
        "up": {"uv": [0, 0, 2, 1], "rotation": 180, "texture": "#0"},
        "down": {"uv": [0, 0, 2, 1], "rotation": 180, "texture": "#0"}
      }
    },
    {
      "from": [9, 0.75, 9],
      "to": [9.25, 3, 9.25],
      "rotation": {"angle": 0, "axis": "y", "origin": [8, 1.03571, 8]},
      "faces": {
        "north": {"uv": [0, 0, 2, 1], "texture": "#0"},
        "east": {"uv": [0, 0, 2, 1], "texture": "#0"},
        "south": {"uv": [0, 0, 2, 1], "texture": "#0"},
        "west": {"uv": [0, 0, 2, 1], "texture": "#0"},
        "up": {"uv": [0, 0, 2, 1], "texture": "#0"},
        "down": {"uv": [0, 0, 2, 1], "texture": "#0"}
      }
    },
    {
      "from": [6.75, 12.99643, 9],
      "to": [7, 15.24643, 9.25],
      "rotation": {"angle": 0, "axis": "y", "origin": [8, 14.96071, 8]},
      "faces": {
        "north": {"uv": [0, 0, 2, 1], "rotation": 180, "texture": "#0"},
        "east": {"uv": [0, 0, 2, 1], "rotation": 180, "texture": "#0"},
        "south": {"uv": [0, 0, 2, 1], "rotation": 180, "texture": "#0"},
        "west": {"uv": [0, 0, 2, 1], "rotation": 180, "texture": "#0"},
        "up": {"uv": [0, 0, 2, 1], "rotation": 180, "texture": "#0"},
        "down": {"uv": [0, 0, 2, 1], "rotation": 180, "texture": "#0"}
      }
    },
    {
      "from": [9, 0.75, 5],
      "to": [9.25, 3, 5.25],
      "rotation": {"angle": 0, "axis": "y", "origin": [8, 1.03571, 8]},
      "faces": {
        "north": {"uv": [0, 0, 2, 1], "texture": "#0"},
        "east": {"uv": [0, 0, 2, 1], "texture": "#0"},
        "south": {"uv": [0, 0, 2, 1], "texture": "#0"},
        "west": {"uv": [0, 0, 2, 1], "texture": "#0"},
        "up": {"uv": [0, 0, 2, 1], "texture": "#0"},
        "down": {"uv": [0, 0, 2, 1], "texture": "#0"}
      }
    },
    {
      "from": [6.75, 12.99643, 5],
      "to": [7, 15.24643, 5.25],
      "rotation": {"angle": 0, "axis": "y", "origin": [8, 14.96071, 8]},
      "faces": {
        "north": {"uv": [0, 0, 2, 1], "rotation": 180, "texture": "#0"},
        "east": {"uv": [0, 0, 2, 1], "rotation": 180, "texture": "#0"},
        "south": {"uv": [0, 0, 2, 1], "rotation": 180, "texture": "#0"},
        "west": {"uv": [0, 0, 2, 1], "rotation": 180, "texture": "#0"},
        "up": {"uv": [0, 0, 2, 1], "rotation": 180, "texture": "#0"},
        "down": {"uv": [0, 0, 2, 1], "rotation": 180, "texture": "#0"}
      }
    },
    {
      "from": [13.5, 0.5, 5],
      "to": [13.75, 0.75, 13],
      "rotation": {"angle": 0, "axis": "y", "origin": [8, 1.03571, 8]},
      "faces": {
        "north": {"uv": [0, 0, 2, 1], "texture": "#0"},
        "east": {"uv": [0, 0, 2, 1], "texture": "#0"},
        "south": {"uv": [0, 0, 2, 1], "texture": "#0"},
        "west": {"uv": [0, 0, 2, 1], "texture": "#0"},
        "up": {"uv": [0, 0, 2, 1], "texture": "#0"},
        "down": {"uv": [0, 0, 2, 1], "texture": "#0"}
      }
    },
    {
      "from": [2.25, 15.24643, 5],
      "to": [2.5, 15.49643, 13],
      "rotation": {"angle": 0, "axis": "y", "origin": [8, 14.96071, 8]},
      "faces": {
        "north": {"uv": [0, 0, 2, 1], "rotation": 180, "texture": "#0"},
        "east": {"uv": [0, 0, 2, 1], "rotation": 180, "texture": "#0"},
        "south": {"uv": [0, 0, 2, 1], "rotation": 180, "texture": "#0"},
        "west": {"uv": [0, 0, 2, 1], "rotation": 180, "texture": "#0"},
        "up": {"uv": [0, 0, 2, 1], "rotation": 180, "texture": "#0"},
        "down": {"uv": [0, 0, 2, 1], "rotation": 180, "texture": "#0"}
      }
    }
  ],
  "groups": [
    {
      "name": "motor",
      "origin": [10.70711, 4.62132, 8],
      "children": [0, 1, 2, 3, 4, 5, 6, 7, 8]
    },
    {
      "name": "supports",
      "origin": [7, 1.5, 12],
      "children": [9, 10, 11, 12, 13, 14, 15, 16, 17, 18, 19, 20, 21, 22, 23, 24, 25, 26, 27, 28, 29, 30, 31, 32, 33, 34, 35, 36, 37, 38, 39, 40, 41, 42, 43, 44, 45, 46, 47, 48, 49, 50, 51, 52, 53, 54, 55, 56, 57, 58, 59, 60, 61, 62, 63, 64, 65, 66, 67, 68, 69, 70, 71, 72, 73, 74, 75, 76, 77, 78, 79, 80, 81, 82, 83, 84, 85, 86, 87, 88, 89, 90, 91, 92, 93, 94, 95, 96, 97, 98, 99, 100, 101, 102, 103, 104]
    },
    {
      "name": "connectors",
      "origin": [15, 6.5, 29.5],
      "children": [105, 106, 107, 108, 109, 110, 111, 112, 113, 114, 115, 116, 117, 118, 119, 120, 121, 122, 123, 124, 125, 126, 127, 128, 129, 130, 131, 132, 133, 134, 135, 136, 137, 138, 139, 140]
    },
    {
      "name": "circuits",
      "origin": [8, 8, 8],
      "children": [141, 142, 143, 144, 145, 146, 147, 148, 149, 150, 151, 152, 153, 154]
    },
    {
      "name": "circuits",
      "origin": [8, 8, 8],
      "children": [155, 156, 157, 158, 159, 160, 161, 162, 163, 164, 165, 166, 167, 168]
    }
  ]
}