{
  "consumeCatalyst": false,
  "location": "bpa:ebf_controller",
  "traits": {},
  "allowRotate": true,
  "showInJei": true,
  "baseRenderer": {
    "state": {
      "id": "minecraft:blast_furnace",
      "meta": 1
    },
    "type": "blockstate"
  },
  "formedRenderer": {
    "state": {
      "id": "minecraft:blast_furnace",
      "meta": 1
    },
    "type": "blockstate"
  },
  "workingRenderer": {
    "state": {
      "id": "minecraft:blast_furnace",
      "meta": 1
    },
    "type": "blockstate"
  },
  "properties": {
    "isOpaque": true,
    "destroyTime": 1.5,
    "explosionResistance": 6.0,
    "lightEmissive": 0,
    "speedFactor": 1.0,
    "jumpFactor": 1.0,
    "friction": 0.6,
    "hasCollision": true,
    "tabGroup": "multiblocked.all",
    "stackSize": 64
  },
  "basePattern": {
    "structureDir": [
      "BACK",
      "UP",
      "RIGHT"
    ],
    "pattern": [
      [
        "ABA",
        "CCC",
        "CCC",
        "AAA"
      ],
      [
        "@AD",
        "C C",
        "C C",
        "AAA"
      ],
      [
        "EFA",
        "CCC",
        "CCC",
        "AAA"
      ]
    ],
    "aisleRepetitions": [
      [
        1,
        1
      ],
      [
        1,
        1
      ],
      [
        1,
        1
      ]
    ],
    "predicates": {
      "A": {
        "blocks": [
          {
            "id": "immersiveengineering:blastbrick"
          }
        ],
        "type": "blocks"
      },
      "controller": {
        "location": "bpa:ebf_controller",
        "type": "component"
      },
      "B": {
        "blocks": [
          {
            "id": "multiblocked:item_output"
          }
        ],
        "type": "blocks"
      },
      "C": {
        "blocks": [
          {
            "id": "immersiveengineering:coil_hv"
          }
        ],
        "type": "blocks"
      },
      "D": {
        "blocks": [
          {
            "id": "multiblocked:energy_input"
          }
        ],
        "type": "blocks"
      },
      "E": {
        "blocks": [
          {
            "id": "multiblocked:fluid_input"
          }
        ],
        "type": "blocks"
      },
      "F": {
        "blocks": [
          {
            "id": "multiblocked:item_input"
          }
        ],
        "type": "blocks"
      },
      "any": {
        "type": "any"
      }
    },
    "symbolMap": {
      "@": [
        "controller"
      ],
      " ": [
        "any"
      ],
      "A": [
        "A"
      ],
      "B": [
        "B"
      ],
      "C": [
        "C"
      ],
      "D": [
        "D"
      ],
      "E": [
        "E"
      ],
      "F": [
        "F"
      ]
    }
  },
  "recipeMap": "SteelEBF"
}