{
  "consumeCatalyst": false,
  "location": "multiblocked:electrolytic",
  "traits": {
    "background": "multiblocked:textures/gui/test.png",
    "item": [
      {
        "cIO": 0,
        "gIO": 2,
        "x": 21,
        "y": 62
      },
      {
        "cIO": 0,
        "gIO": 2,
        "x": 39,
        "y": 62
      },
      {
        "cIO": 1,
        "gIO": 1,
        "x": 119,
        "y": 62
      },
      {
        "cIO": 1,
        "gIO": 1,
        "x": 137,
        "y": 62
      }
    ],
    "fluid": [
      {
        "cIO": 0,
        "gIO": 2,
        "x": 21,
        "y": 80,
        "tC": 64000
      },
      {
        "cIO": 0,
        "gIO": 2,
        "x": 39,
        "y": 80,
        "tC": 1000
      },
      {
        "cIO": 1,
        "gIO": 1,
        "x": 119,
        "y": 80,
        "tC": 1000
      },
      {
        "cIO": 1,
        "gIO": 1,
        "x": 137,
        "y": 80,
        "tC": 1000
      }
    ]
  },
  "allowRotate": true,
  "showInJei": true,
  "baseRenderer": {
    "state": {
      "id": "minecraft:bookshelf",
      "meta": 0
    },
    "type": "blockstate"
  },
  "formedRenderer": {
    "modelLocation": "multiblocked:electrolytic",
    "type": "imodel"
  },
  "isOpaqueCube": false,
  "basePattern": {
    "structureDir": [
      "FRONT",
      "UP",
      "LEFT"
    ],
    "pattern": [
      [
        " A",
        " B"
      ],
      [
        "A@",
        "BC"
      ],
      [
        " A",
        " B"
      ]
    ],
    "aisleRepetitions": [
      [
        1,
        1
      ],
      [
        1,
        1
      ],
      [
        1,
        1
      ]
    ],
    "predicates": {
      "A": {
        "states": [
          {
            "id": "multiblocked:head",
            "meta": 0
          }
        ],
        "type": "states"
      },
      "controller": {
        "location": "multiblocked:electrolytic",
        "type": "component"
      },
      "C": {
        "states": [
          {
            "id": "minecraft:stone",
            "meta": 6
          }
        ],
        "type": "states",
        "disableRenderFormed": true
      },
      "fluid": {
        "capability": "fluid",
        "type": "capability",
        "toolTips": [
          "Any Capability: fluid IO: BOTH"
        ]
      },
      "any": {
        "type": "any"
      }
    },
    "symbolMap": {
      "@": [
        "controller"
      ],
      " ": [
        "any"
      ],
      "A": [
        "A"
      ],
      "B": [
        "fluid"
      ],
      "C": [
        "C"
      ]
    }
  },
  "recipeMap": "electrolytic"
}