{
	"credit": "Made with Blockbench",
	"parent": "minecraft:block/block",
	"textures": {
		"0": "multiblocked:blocks/casing/lv",
		"particle": "multiblocked:blocks/casing/lv"
	},
	"elements": [
		{
			"from": [1.5, 1, 3],
			"to": [3.5, 3, 13],
			"rotation": {"angle": 0, "axis": "y", "origin": [8.5, 9, 15]},
			"faces": {
				"north": {"uv": [0, 8, 2, 10], "texture": "#0"},
				"east": {"uv": [0, 8, 8, 10], "texture": "#0"},
				"south": {"uv": [0, 8, 2, 10], "texture": "#0"},
				"west": {"uv": [0, 8, 8, 10], "texture": "#0"},
				"up": {"uv": [0, 8, 2, 16], "texture": "#0"},
				"down": {"uv": [0, 8, 2, 16], "texture": "#0"}
			}
		},
		{
			"from": [3.75, 2.5, 3],
			"to": [4.25, 3, 13],
			"rotation": {"angle": 0, "axis": "y", "origin": [11, 9, 15]},
			"faces": {
				"north": {"uv": [0, 8, 2, 10], "texture": "#0"},
				"east": {"uv": [0, 8, 8, 10], "texture": "#0"},
				"south": {"uv": [0, 8, 2, 10], "texture": "#0"},
				"west": {"uv": [0, 8, 8, 10], "texture": "#0"},
				"up": {"uv": [0, 8, 2, 16], "texture": "#0"},
				"down": {"uv": [0, 8, 2, 16], "texture": "#0"}
			}
		},
		{
			"from": [3.75, 1, 3],
			"to": [4.25, 1.5, 13],
			"rotation": {"angle": 0, "axis": "y", "origin": [11, 7.5, 15]},
			"faces": {
				"north": {"uv": [0, 8, 2, 10], "texture": "#0"},
				"east": {"uv": [0, 8, 8, 10], "texture": "#0"},
				"south": {"uv": [0, 8, 2, 10], "texture": "#0"},
				"west": {"uv": [0, 8, 8, 10], "texture": "#0"},
				"up": {"uv": [0, 8, 2, 16], "texture": "#0"},
				"down": {"uv": [0, 8, 2, 16], "texture": "#0"}
			}
		},
		{
			"from": [4.75, 2.5, 3],
			"to": [5.25, 3, 13],
			"rotation": {"angle": 0, "axis": "y", "origin": [12, 9, 15]},
			"faces": {
				"north": {"uv": [0, 8, 2, 10], "texture": "#0"},
				"east": {"uv": [0, 8, 8, 10], "texture": "#0"},
				"south": {"uv": [0, 8, 2, 10], "texture": "#0"},
				"west": {"uv": [0, 8, 8, 10], "texture": "#0"},
				"up": {"uv": [0, 8, 2, 16], "texture": "#0"},
				"down": {"uv": [0, 8, 2, 16], "texture": "#0"}
			}
		},
		{
			"from": [4.75, 1, 3],
			"to": [5.25, 1.5, 13],
			"rotation": {"angle": 0, "axis": "y", "origin": [12, 7.5, 15]},
			"faces": {
				"north": {"uv": [0, 8, 2, 10], "texture": "#0"},
				"east": {"uv": [0, 8, 8, 10], "texture": "#0"},
				"south": {"uv": [0, 8, 2, 10], "texture": "#0"},
				"west": {"uv": [0, 8, 8, 10], "texture": "#0"},
				"up": {"uv": [0, 8, 2, 16], "texture": "#0"},
				"down": {"uv": [0, 8, 2, 16], "texture": "#0"}
			}
		},
		{
			"from": [5.75, 2.5, 3],
			"to": [6.25, 3, 13],
			"rotation": {"angle": 0, "axis": "y", "origin": [13, 9, 15]},
			"faces": {
				"north": {"uv": [0, 8, 2, 10], "texture": "#0"},
				"east": {"uv": [0, 8, 8, 10], "texture": "#0"},
				"south": {"uv": [0, 8, 2, 10], "texture": "#0"},
				"west": {"uv": [0, 8, 8, 10], "texture": "#0"},
				"up": {"uv": [0, 8, 2, 16], "texture": "#0"},
				"down": {"uv": [0, 8, 2, 16], "texture": "#0"}
			}
		},
		{
			"from": [5.75, 1, 3],
			"to": [6.25, 1.5, 13],
			"rotation": {"angle": 0, "axis": "y", "origin": [13, 7.5, 15]},
			"faces": {
				"north": {"uv": [0, 8, 2, 10], "texture": "#0"},
				"east": {"uv": [0, 8, 8, 10], "texture": "#0"},
				"south": {"uv": [0, 8, 2, 10], "texture": "#0"},
				"west": {"uv": [0, 8, 8, 10], "texture": "#0"},
				"up": {"uv": [0, 8, 2, 16], "texture": "#0"},
				"down": {"uv": [0, 8, 2, 16], "texture": "#0"}
			}
		},
		{
			"from": [6.75, 2.5, 3],
			"to": [7.25, 3, 13],
			"rotation": {"angle": 0, "axis": "y", "origin": [14, 9, 15]},
			"faces": {
				"north": {"uv": [0, 8, 2, 10], "texture": "#0"},
				"east": {"uv": [0, 8, 8, 10], "texture": "#0"},
				"south": {"uv": [0, 8, 2, 10], "texture": "#0"},
				"west": {"uv": [0, 8, 8, 10], "texture": "#0"},
				"up": {"uv": [0, 8, 2, 16], "texture": "#0"},
				"down": {"uv": [0, 8, 2, 16], "texture": "#0"}
			}
		},
		{
			"from": [6.75, 1, 3],
			"to": [7.25, 1.5, 13],
			"rotation": {"angle": 0, "axis": "y", "origin": [14, 7.5, 15]},
			"faces": {
				"north": {"uv": [0, 8, 2, 10], "texture": "#0"},
				"east": {"uv": [0, 8, 8, 10], "texture": "#0"},
				"south": {"uv": [0, 8, 2, 10], "texture": "#0"},
				"west": {"uv": [0, 8, 8, 10], "texture": "#0"},
				"up": {"uv": [0, 8, 2, 16], "texture": "#0"},
				"down": {"uv": [0, 8, 2, 16], "texture": "#0"}
			}
		},
		{
			"from": [7.75, 2.5, 3],
			"to": [8.25, 3, 13],
			"rotation": {"angle": 0, "axis": "y", "origin": [15, 9, 15]},
			"faces": {
				"north": {"uv": [0, 8, 2, 10], "texture": "#0"},
				"east": {"uv": [0, 8, 8, 10], "texture": "#0"},
				"south": {"uv": [0, 8, 2, 10], "texture": "#0"},
				"west": {"uv": [0, 8, 8, 10], "texture": "#0"},
				"up": {"uv": [0, 8, 2, 16], "texture": "#0"},
				"down": {"uv": [0, 8, 2, 16], "texture": "#0"}
			}
		},
		{
			"from": [7.75, 1, 3],
			"to": [8.25, 1.5, 13],
			"rotation": {"angle": 0, "axis": "y", "origin": [15, 7.5, 15]},
			"faces": {
				"north": {"uv": [0, 8, 2, 10], "texture": "#0"},
				"east": {"uv": [0, 8, 8, 10], "texture": "#0"},
				"south": {"uv": [0, 8, 2, 10], "texture": "#0"},
				"west": {"uv": [0, 8, 8, 10], "texture": "#0"},
				"up": {"uv": [0, 8, 2, 16], "texture": "#0"},
				"down": {"uv": [0, 8, 2, 16], "texture": "#0"}
			}
		},
		{
			"from": [8.75, 2.5, 3],
			"to": [9.25, 3, 13],
			"rotation": {"angle": 0, "axis": "y", "origin": [16, 9, 15]},
			"faces": {
				"north": {"uv": [0, 8, 2, 10], "texture": "#0"},
				"east": {"uv": [0, 8, 8, 10], "texture": "#0"},
				"south": {"uv": [0, 8, 2, 10], "texture": "#0"},
				"west": {"uv": [0, 8, 8, 10], "texture": "#0"},
				"up": {"uv": [0, 8, 2, 16], "texture": "#0"},
				"down": {"uv": [0, 8, 2, 16], "texture": "#0"}
			}
		},
		{
			"from": [8.75, 1, 3],
			"to": [9.25, 1.5, 13],
			"rotation": {"angle": 0, "axis": "y", "origin": [16, 7.5, 15]},
			"faces": {
				"north": {"uv": [0, 8, 2, 10], "texture": "#0"},
				"east": {"uv": [0, 8, 8, 10], "texture": "#0"},
				"south": {"uv": [0, 8, 2, 10], "texture": "#0"},
				"west": {"uv": [0, 8, 8, 10], "texture": "#0"},
				"up": {"uv": [0, 8, 2, 16], "texture": "#0"},
				"down": {"uv": [0, 8, 2, 16], "texture": "#0"}
			}
		},
		{
			"from": [9.75, 2.5, 3],
			"to": [10.25, 3, 13],
			"rotation": {"angle": 0, "axis": "y", "origin": [17, 9, 15]},
			"faces": {
				"north": {"uv": [0, 8, 2, 10], "texture": "#0"},
				"east": {"uv": [0, 8, 8, 10], "texture": "#0"},
				"south": {"uv": [0, 8, 2, 10], "texture": "#0"},
				"west": {"uv": [0, 8, 8, 10], "texture": "#0"},
				"up": {"uv": [0, 8, 2, 16], "texture": "#0"},
				"down": {"uv": [0, 8, 2, 16], "texture": "#0"}
			}
		},
		{
			"from": [9.75, 1, 3],
			"to": [10.25, 1.5, 13],
			"rotation": {"angle": 0, "axis": "y", "origin": [17, 7.5, 15]},
			"faces": {
				"north": {"uv": [0, 8, 2, 10], "texture": "#0"},
				"east": {"uv": [0, 8, 8, 10], "texture": "#0"},
				"south": {"uv": [0, 8, 2, 10], "texture": "#0"},
				"west": {"uv": [0, 8, 8, 10], "texture": "#0"},
				"up": {"uv": [0, 8, 2, 16], "texture": "#0"},
				"down": {"uv": [0, 8, 2, 16], "texture": "#0"}
			}
		},
		{
			"from": [10.75, 2.5, 3],
			"to": [11.25, 3, 13],
			"rotation": {"angle": 0, "axis": "y", "origin": [18, 9, 15]},
			"faces": {
				"north": {"uv": [0, 8, 2, 10], "texture": "#0"},
				"east": {"uv": [0, 8, 8, 10], "texture": "#0"},
				"south": {"uv": [0, 8, 2, 10], "texture": "#0"},
				"west": {"uv": [0, 8, 8, 10], "texture": "#0"},
				"up": {"uv": [0, 8, 2, 16], "texture": "#0"},
				"down": {"uv": [0, 8, 2, 16], "texture": "#0"}
			}
		},
		{
			"from": [10.75, 1, 3],
			"to": [11.25, 1.5, 13],
			"rotation": {"angle": 0, "axis": "y", "origin": [18, 7.5, 15]},
			"faces": {
				"north": {"uv": [0, 8, 2, 10], "texture": "#0"},
				"east": {"uv": [0, 8, 8, 10], "texture": "#0"},
				"south": {"uv": [0, 8, 2, 10], "texture": "#0"},
				"west": {"uv": [0, 8, 8, 10], "texture": "#0"},
				"up": {"uv": [0, 8, 2, 16], "texture": "#0"},
				"down": {"uv": [0, 8, 2, 16], "texture": "#0"}
			}
		},
		{
			"from": [11.75, 2.5, 3],
			"to": [12.25, 3, 13],
			"rotation": {"angle": 0, "axis": "y", "origin": [19, 9, 15]},
			"faces": {
				"north": {"uv": [0, 8, 2, 10], "texture": "#0"},
				"east": {"uv": [0, 8, 8, 10], "texture": "#0"},
				"south": {"uv": [0, 8, 2, 10], "texture": "#0"},
				"west": {"uv": [0, 8, 8, 10], "texture": "#0"},
				"up": {"uv": [0, 8, 2, 16], "texture": "#0"},
				"down": {"uv": [0, 8, 2, 16], "texture": "#0"}
			}
		},
		{
			"from": [11.75, 1, 3],
			"to": [12.25, 1.5, 13],
			"rotation": {"angle": 0, "axis": "y", "origin": [19, 7.5, 15]},
			"faces": {
				"north": {"uv": [0, 8, 2, 10], "texture": "#0"},
				"east": {"uv": [0, 8, 8, 10], "texture": "#0"},
				"south": {"uv": [0, 8, 2, 10], "texture": "#0"},
				"west": {"uv": [0, 8, 8, 10], "texture": "#0"},
				"up": {"uv": [0, 8, 2, 16], "texture": "#0"},
				"down": {"uv": [0, 8, 2, 16], "texture": "#0"}
			}
		},
		{
			"from": [12.5, 1, 3],
			"to": [14.5, 3, 13],
			"rotation": {"angle": 0, "axis": "y", "origin": [21.5, 9, 15]},
			"faces": {
				"north": {"uv": [0, 8, 2, 10], "texture": "#0"},
				"east": {"uv": [0, 8, 8, 10], "texture": "#0"},
				"south": {"uv": [0, 8, 2, 10], "texture": "#0"},
				"west": {"uv": [0, 8, 8, 10], "texture": "#0"},
				"up": {"uv": [0, 8, 2, 16], "texture": "#0"},
				"down": {"uv": [0, 8, 2, 16], "texture": "#0"}
			}
		},
		{
			"from": [1.5, 3, 3.25],
			"to": [14.5, 3.1, 12.75],
			"rotation": {"angle": 0, "axis": "y", "origin": [12.5, 11, 15]},
			"faces": {
				"north": {"uv": [8, 0, 16, 1], "texture": "#0"},
				"east": {"uv": [8, 0, 16, 1], "texture": "#0"},
				"south": {"uv": [8, 0, 16, 1], "texture": "#0"},
				"west": {"uv": [8, 0, 16, 1], "texture": "#0"},
				"up": {"uv": [8, 0, 16, 8], "texture": "#0"},
				"down": {"uv": [8, 0, 16, 8], "texture": "#0"}
			}
		},
		{
			"from": [1.5, 0.9, 3.25],
			"to": [14.5, 1, 12.75],
			"rotation": {"angle": 0, "axis": "y", "origin": [12.5, 8.9, 15]},
			"faces": {
				"north": {"uv": [8, 0, 16, 1], "texture": "#0"},
				"east": {"uv": [8, 0, 16, 1], "texture": "#0"},
				"south": {"uv": [8, 0, 16, 1], "texture": "#0"},
				"west": {"uv": [8, 0, 16, 1], "texture": "#0"},
				"up": {"uv": [8, 0, 16, 8], "texture": "#0"},
				"down": {"uv": [8, 0, 16, 8], "texture": "#0"}
			}
		},
		{
			"from": [10.45, 3.1, 3],
			"to": [10.7, 3.2, 13],
			"rotation": {"angle": 0, "axis": "y", "origin": [16.7, 11.1, 15]},
			"faces": {
				"north": {"uv": [9, 9, 11, 10], "texture": "#0"},
				"east": {"uv": [9, 9, 16, 10], "texture": "#0"},
				"south": {"uv": [9, 9, 10, 10], "texture": "#0"},
				"west": {"uv": [9, 9, 16, 10], "texture": "#0"},
				"up": {"uv": [9, 9, 10, 16], "texture": "#0"},
				"down": {"uv": [9, 9, 10, 16], "texture": "#0"}
			}
		},
		{
			"from": [10.45, 0.85, 3],
			"to": [10.7, 0.95, 13],
			"rotation": {"angle": 0, "axis": "y", "origin": [16.7, 8.85, 15]},
			"faces": {
				"north": {"uv": [9, 9, 11, 10], "texture": "#0"},
				"east": {"uv": [9, 9, 16, 10], "texture": "#0"},
				"south": {"uv": [9, 9, 10, 10], "texture": "#0"},
				"west": {"uv": [9, 9, 16, 10], "texture": "#0"},
				"up": {"uv": [9, 9, 10, 16], "texture": "#0"},
				"down": {"uv": [9, 9, 10, 16], "texture": "#0"}
			}
		},
		{
			"from": [5.65, 3.1, 3],
			"to": [5.9, 3.2, 13],
			"rotation": {"angle": 0, "axis": "y", "origin": [11.9, 11.1, 15]},
			"faces": {
				"north": {"uv": [9, 9, 11, 10], "texture": "#0"},
				"east": {"uv": [9, 9, 16, 10], "texture": "#0"},
				"south": {"uv": [9, 9, 10, 10], "texture": "#0"},
				"west": {"uv": [9, 9, 16, 10], "texture": "#0"},
				"up": {"uv": [9, 9, 10, 16], "texture": "#0"},
				"down": {"uv": [9, 9, 10, 16], "texture": "#0"}
			}
		},
		{
			"from": [5.65, 0.85, 3],
			"to": [5.9, 0.95, 13],
			"rotation": {"angle": 0, "axis": "y", "origin": [11.9, 8.85, 15]},
			"faces": {
				"north": {"uv": [9, 9, 11, 10], "texture": "#0"},
				"east": {"uv": [9, 9, 16, 10], "texture": "#0"},
				"south": {"uv": [9, 9, 10, 10], "texture": "#0"},
				"west": {"uv": [9, 9, 16, 10], "texture": "#0"},
				"up": {"uv": [9, 9, 10, 16], "texture": "#0"},
				"down": {"uv": [9, 9, 10, 16], "texture": "#0"}
			}
		},
		{
			"from": [12.85, 3.1, 3],
			"to": [13.1, 3.2, 13],
			"rotation": {"angle": 0, "axis": "y", "origin": [19.1, 11.1, 15]},
			"faces": {
				"north": {"uv": [9, 9, 11, 10], "texture": "#0"},
				"east": {"uv": [9, 9, 16, 10], "texture": "#0"},
				"south": {"uv": [9, 9, 10, 10], "texture": "#0"},
				"west": {"uv": [9, 9, 16, 10], "texture": "#0"},
				"up": {"uv": [9, 9, 10, 16], "texture": "#0"},
				"down": {"uv": [9, 9, 10, 16], "texture": "#0"}
			}
		},
		{
			"from": [12.85, 0.85, 3],
			"to": [13.1, 0.95, 13],
			"rotation": {"angle": 0, "axis": "y", "origin": [19.1, 8.85, 15]},
			"faces": {
				"north": {"uv": [9, 9, 11, 10], "texture": "#0"},
				"east": {"uv": [9, 9, 16, 10], "texture": "#0"},
				"south": {"uv": [9, 9, 10, 10], "texture": "#0"},
				"west": {"uv": [9, 9, 16, 10], "texture": "#0"},
				"up": {"uv": [9, 9, 10, 16], "texture": "#0"},
				"down": {"uv": [9, 9, 10, 16], "texture": "#0"}
			}
		},
		{
			"from": [8.05, 3.1, 3],
			"to": [8.3, 3.2, 13],
			"rotation": {"angle": 0, "axis": "y", "origin": [14.3, 11.1, 15]},
			"faces": {
				"north": {"uv": [9, 9, 11, 10], "texture": "#0"},
				"east": {"uv": [9, 9, 16, 10], "texture": "#0"},
				"south": {"uv": [9, 9, 10, 10], "texture": "#0"},
				"west": {"uv": [9, 9, 16, 10], "texture": "#0"},
				"up": {"uv": [9, 9, 10, 16], "texture": "#0"},
				"down": {"uv": [9, 9, 10, 16], "texture": "#0"}
			}
		},
		{
			"from": [8.05, 0.85, 3],
			"to": [8.3, 0.95, 13],
			"rotation": {"angle": 0, "axis": "y", "origin": [14.3, 8.85, 15]},
			"faces": {
				"north": {"uv": [9, 9, 11, 10], "texture": "#0"},
				"east": {"uv": [9, 9, 16, 10], "texture": "#0"},
				"south": {"uv": [9, 9, 10, 10], "texture": "#0"},
				"west": {"uv": [9, 9, 16, 10], "texture": "#0"},
				"up": {"uv": [9, 9, 10, 16], "texture": "#0"},
				"down": {"uv": [9, 9, 10, 16], "texture": "#0"}
			}
		},
		{
			"from": [3.25, 3.1, 3],
			"to": [3.5, 3.2, 13],
			"rotation": {"angle": 0, "axis": "y", "origin": [9.5, 11.1, 15]},
			"faces": {
				"north": {"uv": [9, 9, 11, 10], "texture": "#0"},
				"east": {"uv": [9, 9, 16, 10], "texture": "#0"},
				"south": {"uv": [9, 9, 10, 10], "texture": "#0"},
				"west": {"uv": [9, 9, 16, 10], "texture": "#0"},
				"up": {"uv": [9, 9, 10, 16], "texture": "#0"},
				"down": {"uv": [9, 9, 10, 16], "texture": "#0"}
			}
		},
		{
			"from": [3.25, 0.85, 3],
			"to": [3.5, 0.95, 13],
			"rotation": {"angle": 0, "axis": "y", "origin": [9.5, 8.85, 15]},
			"faces": {
				"north": {"uv": [9, 9, 11, 10], "texture": "#0"},
				"east": {"uv": [9, 9, 16, 10], "texture": "#0"},
				"south": {"uv": [9, 9, 10, 10], "texture": "#0"},
				"west": {"uv": [9, 9, 16, 10], "texture": "#0"},
				"up": {"uv": [9, 9, 10, 16], "texture": "#0"},
				"down": {"uv": [9, 9, 10, 16], "texture": "#0"}
			}
		},
		{
			"from": [14.05, 3.1, 3],
			"to": [14.3, 3.2, 13],
			"rotation": {"angle": 0, "axis": "y", "origin": [20.3, 11.1, 15]},
			"faces": {
				"north": {"uv": [9, 9, 11, 10], "texture": "#0"},
				"east": {"uv": [9, 9, 16, 10], "texture": "#0"},
				"south": {"uv": [9, 9, 10, 10], "texture": "#0"},
				"west": {"uv": [9, 9, 16, 10], "texture": "#0"},
				"up": {"uv": [9, 9, 10, 16], "texture": "#0"},
				"down": {"uv": [9, 9, 10, 16], "texture": "#0"}
			}
		},
		{
			"from": [14.05, 0.85, 3],
			"to": [14.3, 0.95, 13],
			"rotation": {"angle": 0, "axis": "y", "origin": [20.3, 8.85, 15]},
			"faces": {
				"north": {"uv": [9, 9, 11, 10], "texture": "#0"},
				"east": {"uv": [9, 9, 16, 10], "texture": "#0"},
				"south": {"uv": [9, 9, 10, 10], "texture": "#0"},
				"west": {"uv": [9, 9, 16, 10], "texture": "#0"},
				"up": {"uv": [9, 9, 10, 16], "texture": "#0"},
				"down": {"uv": [9, 9, 10, 16], "texture": "#0"}
			}
		},
		{
			"from": [9.25, 3.1, 3],
			"to": [9.5, 3.2, 13],
			"rotation": {"angle": 0, "axis": "y", "origin": [15.5, 11.1, 15]},
			"faces": {
				"north": {"uv": [9, 9, 11, 10], "texture": "#0"},
				"east": {"uv": [9, 9, 16, 10], "texture": "#0"},
				"south": {"uv": [9, 9, 10, 10], "texture": "#0"},
				"west": {"uv": [9, 9, 16, 10], "texture": "#0"},
				"up": {"uv": [9, 9, 10, 16], "texture": "#0"},
				"down": {"uv": [9, 9, 10, 16], "texture": "#0"}
			}
		},
		{
			"from": [9.25, 0.85, 3],
			"to": [9.5, 0.95, 13],
			"rotation": {"angle": 0, "axis": "y", "origin": [15.5, 8.85, 15]},
			"faces": {
				"north": {"uv": [9, 9, 11, 10], "texture": "#0"},
				"east": {"uv": [9, 9, 16, 10], "texture": "#0"},
				"south": {"uv": [9, 9, 10, 10], "texture": "#0"},
				"west": {"uv": [9, 9, 16, 10], "texture": "#0"},
				"up": {"uv": [9, 9, 10, 16], "texture": "#0"},
				"down": {"uv": [9, 9, 10, 16], "texture": "#0"}
			}
		},
		{
			"from": [4.45, 3.1, 3],
			"to": [4.7, 3.2, 13],
			"rotation": {"angle": 0, "axis": "y", "origin": [10.7, 11.1, 15]},
			"faces": {
				"north": {"uv": [9, 9, 11, 10], "texture": "#0"},
				"east": {"uv": [9, 9, 16, 10], "texture": "#0"},
				"south": {"uv": [9, 9, 10, 10], "texture": "#0"},
				"west": {"uv": [9, 9, 16, 10], "texture": "#0"},
				"up": {"uv": [9, 9, 10, 16], "texture": "#0"},
				"down": {"uv": [9, 9, 10, 16], "texture": "#0"}
			}
		},
		{
			"from": [4.45, 0.85, 3],
			"to": [4.7, 0.95, 13],
			"rotation": {"angle": 0, "axis": "y", "origin": [10.7, 8.85, 15]},
			"faces": {
				"north": {"uv": [9, 9, 11, 10], "texture": "#0"},
				"east": {"uv": [9, 9, 16, 10], "texture": "#0"},
				"south": {"uv": [9, 9, 10, 10], "texture": "#0"},
				"west": {"uv": [9, 9, 16, 10], "texture": "#0"},
				"up": {"uv": [9, 9, 10, 16], "texture": "#0"},
				"down": {"uv": [9, 9, 10, 16], "texture": "#0"}
			}
		},
		{
			"from": [11.65, 3.1, 3],
			"to": [11.9, 3.2, 13],
			"rotation": {"angle": 0, "axis": "y", "origin": [17.9, 11.1, 15]},
			"faces": {
				"north": {"uv": [9, 9, 11, 10], "texture": "#0"},
				"east": {"uv": [9, 9, 16, 10], "texture": "#0"},
				"south": {"uv": [9, 9, 10, 10], "texture": "#0"},
				"west": {"uv": [9, 9, 16, 10], "texture": "#0"},
				"up": {"uv": [9, 9, 10, 16], "texture": "#0"},
				"down": {"uv": [9, 9, 10, 16], "texture": "#0"}
			}
		},
		{
			"from": [11.65, 0.85, 3],
			"to": [11.9, 0.95, 13],
			"rotation": {"angle": 0, "axis": "y", "origin": [17.9, 8.85, 15]},
			"faces": {
				"north": {"uv": [9, 9, 11, 10], "texture": "#0"},
				"east": {"uv": [9, 9, 16, 10], "texture": "#0"},
				"south": {"uv": [9, 9, 10, 10], "texture": "#0"},
				"west": {"uv": [9, 9, 16, 10], "texture": "#0"},
				"up": {"uv": [9, 9, 10, 16], "texture": "#0"},
				"down": {"uv": [9, 9, 10, 16], "texture": "#0"}
			}
		},
		{
			"from": [6.85, 3.1, 3],
			"to": [7.1, 3.2, 13],
			"rotation": {"angle": 0, "axis": "y", "origin": [13.1, 11.1, 15]},
			"faces": {
				"north": {"uv": [9, 9, 11, 10], "texture": "#0"},
				"east": {"uv": [9, 9, 16, 10], "texture": "#0"},
				"south": {"uv": [9, 9, 10, 10], "texture": "#0"},
				"west": {"uv": [9, 9, 16, 10], "texture": "#0"},
				"up": {"uv": [9, 9, 10, 16], "texture": "#0"},
				"down": {"uv": [9, 9, 10, 16], "texture": "#0"}
			}
		},
		{
			"from": [6.85, 0.85, 3],
			"to": [7.1, 0.95, 13],
			"rotation": {"angle": 0, "axis": "y", "origin": [13.1, 8.85, 15]},
			"faces": {
				"north": {"uv": [9, 9, 11, 10], "texture": "#0"},
				"east": {"uv": [9, 9, 16, 10], "texture": "#0"},
				"south": {"uv": [9, 9, 10, 10], "texture": "#0"},
				"west": {"uv": [9, 9, 16, 10], "texture": "#0"},
				"up": {"uv": [9, 9, 10, 16], "texture": "#0"},
				"down": {"uv": [9, 9, 10, 16], "texture": "#0"}
			}
		},
		{
			"from": [2.05, 3.1, 3],
			"to": [2.3, 3.2, 13],
			"rotation": {"angle": 0, "axis": "y", "origin": [8.3, 11.1, 15]},
			"faces": {
				"north": {"uv": [9, 9, 11, 10], "texture": "#0"},
				"east": {"uv": [9, 9, 16, 10], "texture": "#0"},
				"south": {"uv": [9, 9, 10, 10], "texture": "#0"},
				"west": {"uv": [9, 9, 16, 10], "texture": "#0"},
				"up": {"uv": [9, 9, 10, 16], "texture": "#0"},
				"down": {"uv": [9, 9, 10, 16], "texture": "#0"}
			}
		},
		{
			"from": [2.05, 0.85, 3],
			"to": [2.3, 0.95, 13],
			"rotation": {"angle": 0, "axis": "y", "origin": [8.3, 8.85, 15]},
			"faces": {
				"north": {"uv": [9, 9, 11, 10], "texture": "#0"},
				"east": {"uv": [9, 9, 16, 10], "texture": "#0"},
				"south": {"uv": [9, 9, 10, 10], "texture": "#0"},
				"west": {"uv": [9, 9, 16, 10], "texture": "#0"},
				"up": {"uv": [9, 9, 10, 16], "texture": "#0"},
				"down": {"uv": [9, 9, 10, 16], "texture": "#0"}
			}
		},
		{
			"from": [9.85, 3.1, 3],
			"to": [10.1, 3.2, 13],
			"rotation": {"angle": 0, "axis": "y", "origin": [16.1, 11.1, 15]},
			"faces": {
				"north": {"uv": [9, 9, 11, 10], "texture": "#0"},
				"east": {"uv": [9, 9, 16, 10], "texture": "#0"},
				"south": {"uv": [9, 9, 10, 10], "texture": "#0"},
				"west": {"uv": [9, 9, 16, 10], "texture": "#0"},
				"up": {"uv": [9, 9, 10, 16], "texture": "#0"},
				"down": {"uv": [9, 9, 10, 16], "texture": "#0"}
			}
		},
		{
			"from": [9.85, 0.85, 3],
			"to": [10.1, 0.95, 13],
			"rotation": {"angle": 0, "axis": "y", "origin": [16.1, 8.85, 15]},
			"faces": {
				"north": {"uv": [9, 9, 11, 10], "texture": "#0"},
				"east": {"uv": [9, 9, 16, 10], "texture": "#0"},
				"south": {"uv": [9, 9, 10, 10], "texture": "#0"},
				"west": {"uv": [9, 9, 16, 10], "texture": "#0"},
				"up": {"uv": [9, 9, 10, 16], "texture": "#0"},
				"down": {"uv": [9, 9, 10, 16], "texture": "#0"}
			}
		},
		{
			"from": [5.05, 3.1, 3],
			"to": [5.3, 3.2, 13],
			"rotation": {"angle": 0, "axis": "y", "origin": [11.3, 11.1, 15]},
			"faces": {
				"north": {"uv": [9, 9, 11, 10], "texture": "#0"},
				"east": {"uv": [9, 9, 16, 10], "texture": "#0"},
				"south": {"uv": [9, 9, 10, 10], "texture": "#0"},
				"west": {"uv": [9, 9, 16, 10], "texture": "#0"},
				"up": {"uv": [9, 9, 10, 16], "texture": "#0"},
				"down": {"uv": [9, 9, 10, 16], "texture": "#0"}
			}
		},
		{
			"from": [5.05, 0.85, 3],
			"to": [5.3, 0.95, 13],
			"rotation": {"angle": 0, "axis": "y", "origin": [11.3, 8.85, 15]},
			"faces": {
				"north": {"uv": [9, 9, 11, 10], "texture": "#0"},
				"east": {"uv": [9, 9, 16, 10], "texture": "#0"},
				"south": {"uv": [9, 9, 10, 10], "texture": "#0"},
				"west": {"uv": [9, 9, 16, 10], "texture": "#0"},
				"up": {"uv": [9, 9, 10, 16], "texture": "#0"},
				"down": {"uv": [9, 9, 10, 16], "texture": "#0"}
			}
		},
		{
			"from": [12.25, 3.1, 3],
			"to": [12.5, 3.2, 13],
			"rotation": {"angle": 0, "axis": "y", "origin": [18.5, 11.1, 15]},
			"faces": {
				"north": {"uv": [9, 9, 11, 10], "texture": "#0"},
				"east": {"uv": [9, 9, 16, 10], "texture": "#0"},
				"south": {"uv": [9, 9, 10, 10], "texture": "#0"},
				"west": {"uv": [9, 9, 16, 10], "texture": "#0"},
				"up": {"uv": [9, 9, 10, 16], "texture": "#0"},
				"down": {"uv": [9, 9, 10, 16], "texture": "#0"}
			}
		},
		{
			"from": [12.25, 0.85, 3],
			"to": [12.5, 0.95, 13],
			"rotation": {"angle": 0, "axis": "y", "origin": [18.5, 8.85, 15]},
			"faces": {
				"north": {"uv": [9, 9, 11, 10], "texture": "#0"},
				"east": {"uv": [9, 9, 16, 10], "texture": "#0"},
				"south": {"uv": [9, 9, 10, 10], "texture": "#0"},
				"west": {"uv": [9, 9, 16, 10], "texture": "#0"},
				"up": {"uv": [9, 9, 10, 16], "texture": "#0"},
				"down": {"uv": [9, 9, 10, 16], "texture": "#0"}
			}
		},
		{
			"from": [7.45, 3.1, 3],
			"to": [7.7, 3.2, 13],
			"rotation": {"angle": 0, "axis": "y", "origin": [13.7, 11.1, 15]},
			"faces": {
				"north": {"uv": [9, 9, 11, 10], "texture": "#0"},
				"east": {"uv": [9, 9, 16, 10], "texture": "#0"},
				"south": {"uv": [9, 9, 10, 10], "texture": "#0"},
				"west": {"uv": [9, 9, 16, 10], "texture": "#0"},
				"up": {"uv": [9, 9, 10, 16], "texture": "#0"},
				"down": {"uv": [9, 9, 10, 16], "texture": "#0"}
			}
		},
		{
			"from": [7.45, 0.85, 3],
			"to": [7.7, 0.95, 13],
			"rotation": {"angle": 0, "axis": "y", "origin": [13.7, 8.85, 15]},
			"faces": {
				"north": {"uv": [9, 9, 11, 10], "texture": "#0"},
				"east": {"uv": [9, 9, 16, 10], "texture": "#0"},
				"south": {"uv": [9, 9, 10, 10], "texture": "#0"},
				"west": {"uv": [9, 9, 16, 10], "texture": "#0"},
				"up": {"uv": [9, 9, 10, 16], "texture": "#0"},
				"down": {"uv": [9, 9, 10, 16], "texture": "#0"}
			}
		},
		{
			"from": [2.65, 3.1, 3],
			"to": [2.9, 3.2, 13],
			"rotation": {"angle": 0, "axis": "y", "origin": [8.9, 11.1, 15]},
			"faces": {
				"north": {"uv": [9, 9, 11, 10], "texture": "#0"},
				"east": {"uv": [9, 9, 16, 10], "texture": "#0"},
				"south": {"uv": [9, 9, 10, 10], "texture": "#0"},
				"west": {"uv": [9, 9, 16, 10], "texture": "#0"},
				"up": {"uv": [9, 9, 10, 16], "texture": "#0"},
				"down": {"uv": [9, 9, 10, 16], "texture": "#0"}
			}
		},
		{
			"from": [2.65, 0.85, 3],
			"to": [2.9, 0.95, 13],
			"rotation": {"angle": 0, "axis": "y", "origin": [8.9, 8.85, 15]},
			"faces": {
				"north": {"uv": [9, 9, 11, 10], "texture": "#0"},
				"east": {"uv": [9, 9, 16, 10], "texture": "#0"},
				"south": {"uv": [9, 9, 10, 10], "texture": "#0"},
				"west": {"uv": [9, 9, 16, 10], "texture": "#0"},
				"up": {"uv": [9, 9, 10, 16], "texture": "#0"},
				"down": {"uv": [9, 9, 10, 16], "texture": "#0"}
			}
		},
		{
			"from": [13.45, 3.1, 3],
			"to": [13.7, 3.2, 13],
			"rotation": {"angle": 0, "axis": "y", "origin": [19.7, 11.1, 15]},
			"faces": {
				"north": {"uv": [9, 9, 11, 10], "texture": "#0"},
				"east": {"uv": [9, 9, 16, 10], "texture": "#0"},
				"south": {"uv": [9, 9, 10, 10], "texture": "#0"},
				"west": {"uv": [9, 9, 16, 10], "texture": "#0"},
				"up": {"uv": [9, 9, 10, 16], "texture": "#0"},
				"down": {"uv": [9, 9, 10, 16], "texture": "#0"}
			}
		},
		{
			"from": [13.45, 0.85, 3],
			"to": [13.7, 0.95, 13],
			"rotation": {"angle": 0, "axis": "y", "origin": [19.7, 8.85, 15]},
			"faces": {
				"north": {"uv": [9, 9, 11, 10], "texture": "#0"},
				"east": {"uv": [9, 9, 16, 10], "texture": "#0"},
				"south": {"uv": [9, 9, 10, 10], "texture": "#0"},
				"west": {"uv": [9, 9, 16, 10], "texture": "#0"},
				"up": {"uv": [9, 9, 10, 16], "texture": "#0"},
				"down": {"uv": [9, 9, 10, 16], "texture": "#0"}
			}
		},
		{
			"from": [8.65, 3.1, 3],
			"to": [8.9, 3.2, 13],
			"rotation": {"angle": 0, "axis": "y", "origin": [14.9, 11.1, 15]},
			"faces": {
				"north": {"uv": [9, 9, 11, 10], "texture": "#0"},
				"east": {"uv": [9, 9, 16, 10], "texture": "#0"},
				"south": {"uv": [9, 9, 10, 10], "texture": "#0"},
				"west": {"uv": [9, 9, 16, 10], "texture": "#0"},
				"up": {"uv": [9, 9, 10, 16], "texture": "#0"},
				"down": {"uv": [9, 9, 10, 16], "texture": "#0"}
			}
		},
		{
			"from": [8.65, 0.85, 3],
			"to": [8.9, 0.95, 13],
			"rotation": {"angle": 0, "axis": "y", "origin": [14.9, 8.85, 15]},
			"faces": {
				"north": {"uv": [9, 9, 11, 10], "texture": "#0"},
				"east": {"uv": [9, 9, 16, 10], "texture": "#0"},
				"south": {"uv": [9, 9, 10, 10], "texture": "#0"},
				"west": {"uv": [9, 9, 16, 10], "texture": "#0"},
				"up": {"uv": [9, 9, 10, 16], "texture": "#0"},
				"down": {"uv": [9, 9, 10, 16], "texture": "#0"}
			}
		},
		{
			"from": [3.85, 3.1, 3],
			"to": [4.1, 3.2, 13],
			"rotation": {"angle": 0, "axis": "y", "origin": [10.1, 11.1, 15]},
			"faces": {
				"north": {"uv": [9, 9, 11, 10], "texture": "#0"},
				"east": {"uv": [9, 9, 16, 10], "texture": "#0"},
				"south": {"uv": [9, 9, 10, 10], "texture": "#0"},
				"west": {"uv": [9, 9, 16, 10], "texture": "#0"},
				"up": {"uv": [9, 9, 10, 16], "texture": "#0"},
				"down": {"uv": [9, 9, 10, 16], "texture": "#0"}
			}
		},
		{
			"from": [3.85, 0.85, 3],
			"to": [4.1, 0.95, 13],
			"rotation": {"angle": 0, "axis": "y", "origin": [10.1, 8.85, 15]},
			"faces": {
				"north": {"uv": [9, 9, 11, 10], "texture": "#0"},
				"east": {"uv": [9, 9, 16, 10], "texture": "#0"},
				"south": {"uv": [9, 9, 10, 10], "texture": "#0"},
				"west": {"uv": [9, 9, 16, 10], "texture": "#0"},
				"up": {"uv": [9, 9, 10, 16], "texture": "#0"},
				"down": {"uv": [9, 9, 10, 16], "texture": "#0"}
			}
		},
		{
			"from": [11.05, 3.1, 3],
			"to": [11.3, 3.2, 13],
			"rotation": {"angle": 0, "axis": "y", "origin": [17.3, 11.1, 15]},
			"faces": {
				"north": {"uv": [9, 9, 11, 10], "texture": "#0"},
				"east": {"uv": [9, 9, 16, 10], "texture": "#0"},
				"south": {"uv": [9, 9, 10, 10], "texture": "#0"},
				"west": {"uv": [9, 9, 16, 10], "texture": "#0"},
				"up": {"uv": [9, 9, 10, 16], "texture": "#0"},
				"down": {"uv": [9, 9, 10, 16], "texture": "#0"}
			}
		},
		{
			"from": [11.05, 0.85, 3],
			"to": [11.3, 0.95, 13],
			"rotation": {"angle": 0, "axis": "y", "origin": [17.3, 8.85, 15]},
			"faces": {
				"north": {"uv": [9, 9, 11, 10], "texture": "#0"},
				"east": {"uv": [9, 9, 16, 10], "texture": "#0"},
				"south": {"uv": [9, 9, 10, 10], "texture": "#0"},
				"west": {"uv": [9, 9, 16, 10], "texture": "#0"},
				"up": {"uv": [9, 9, 10, 16], "texture": "#0"},
				"down": {"uv": [9, 9, 10, 16], "texture": "#0"}
			}
		},
		{
			"from": [6.25, 3.1, 3],
			"to": [6.5, 3.2, 13],
			"rotation": {"angle": 0, "axis": "y", "origin": [12.5, 11.1, 15]},
			"faces": {
				"north": {"uv": [9, 9, 11, 10], "texture": "#0"},
				"east": {"uv": [9, 9, 16, 10], "texture": "#0"},
				"south": {"uv": [9, 9, 10, 10], "texture": "#0"},
				"west": {"uv": [9, 9, 16, 10], "texture": "#0"},
				"up": {"uv": [9, 9, 10, 16], "texture": "#0"},
				"down": {"uv": [9, 9, 10, 16], "texture": "#0"}
			}
		},
		{
			"from": [6.25, 0.85, 3],
			"to": [6.5, 0.95, 13],
			"rotation": {"angle": 0, "axis": "y", "origin": [12.5, 8.85, 15]},
			"faces": {
				"north": {"uv": [9, 9, 11, 10], "texture": "#0"},
				"east": {"uv": [9, 9, 16, 10], "texture": "#0"},
				"south": {"uv": [9, 9, 10, 10], "texture": "#0"},
				"west": {"uv": [9, 9, 16, 10], "texture": "#0"},
				"up": {"uv": [9, 9, 10, 16], "texture": "#0"},
				"down": {"uv": [9, 9, 10, 16], "texture": "#0"}
			}
		},
		{
			"from": [1.45, 3.1, 3],
			"to": [1.7, 3.2, 13],
			"rotation": {"angle": 0, "axis": "y", "origin": [7.7, 11.1, 15]},
			"faces": {
				"north": {"uv": [9, 9, 11, 10], "texture": "#0"},
				"east": {"uv": [9, 9, 16, 10], "texture": "#0"},
				"south": {"uv": [9, 9, 10, 10], "texture": "#0"},
				"west": {"uv": [9, 9, 16, 10], "texture": "#0"},
				"up": {"uv": [9, 9, 10, 16], "texture": "#0"},
				"down": {"uv": [9, 9, 10, 16], "texture": "#0"}
			}
		},
		{
			"from": [1.45, 0.85, 3],
			"to": [1.7, 0.95, 13],
			"rotation": {"angle": 0, "axis": "y", "origin": [7.7, 8.85, 15]},
			"faces": {
				"north": {"uv": [9, 9, 11, 10], "texture": "#0"},
				"east": {"uv": [9, 9, 16, 10], "texture": "#0"},
				"south": {"uv": [9, 9, 10, 10], "texture": "#0"},
				"west": {"uv": [9, 9, 16, 10], "texture": "#0"},
				"up": {"uv": [9, 9, 10, 16], "texture": "#0"},
				"down": {"uv": [9, 9, 10, 16], "texture": "#0"}
			}
		},
		{
			"from": [10.15, 3.1, 3],
			"to": [10.4, 3.2, 13],
			"rotation": {"angle": 0, "axis": "y", "origin": [16.4, 11.1, 15]},
			"faces": {
				"north": {"uv": [9, 9, 11, 10], "texture": "#0"},
				"east": {"uv": [9, 9, 16, 10], "texture": "#0"},
				"south": {"uv": [9, 9, 10, 10], "texture": "#0"},
				"west": {"uv": [9, 9, 16, 10], "texture": "#0"},
				"up": {"uv": [9, 9, 10, 16], "texture": "#0"},
				"down": {"uv": [9, 9, 10, 16], "texture": "#0"}
			}
		},
		{
			"from": [10.15, 0.85, 3],
			"to": [10.4, 0.95, 13],
			"rotation": {"angle": 0, "axis": "y", "origin": [16.4, 8.85, 15]},
			"faces": {
				"north": {"uv": [9, 9, 11, 10], "texture": "#0"},
				"east": {"uv": [9, 9, 16, 10], "texture": "#0"},
				"south": {"uv": [9, 9, 10, 10], "texture": "#0"},
				"west": {"uv": [9, 9, 16, 10], "texture": "#0"},
				"up": {"uv": [9, 9, 10, 16], "texture": "#0"},
				"down": {"uv": [9, 9, 10, 16], "texture": "#0"}
			}
		},
		{
			"from": [5.35, 3.1, 3],
			"to": [5.6, 3.2, 13],
			"rotation": {"angle": 0, "axis": "y", "origin": [11.6, 11.1, 15]},
			"faces": {
				"north": {"uv": [9, 9, 11, 10], "texture": "#0"},
				"east": {"uv": [9, 9, 16, 10], "texture": "#0"},
				"south": {"uv": [9, 9, 10, 10], "texture": "#0"},
				"west": {"uv": [9, 9, 16, 10], "texture": "#0"},
				"up": {"uv": [9, 9, 10, 16], "texture": "#0"},
				"down": {"uv": [9, 9, 10, 16], "texture": "#0"}
			}
		},
		{
			"from": [5.35, 0.85, 3],
			"to": [5.6, 0.95, 13],
			"rotation": {"angle": 0, "axis": "y", "origin": [11.6, 8.85, 15]},
			"faces": {
				"north": {"uv": [9, 9, 11, 10], "texture": "#0"},
				"east": {"uv": [9, 9, 16, 10], "texture": "#0"},
				"south": {"uv": [9, 9, 10, 10], "texture": "#0"},
				"west": {"uv": [9, 9, 16, 10], "texture": "#0"},
				"up": {"uv": [9, 9, 10, 16], "texture": "#0"},
				"down": {"uv": [9, 9, 10, 16], "texture": "#0"}
			}
		},
		{
			"from": [12.55, 3.1, 3],
			"to": [12.8, 3.2, 13],
			"rotation": {"angle": 0, "axis": "y", "origin": [18.8, 11.1, 15]},
			"faces": {
				"north": {"uv": [9, 9, 11, 10], "texture": "#0"},
				"east": {"uv": [9, 9, 16, 10], "texture": "#0"},
				"south": {"uv": [9, 9, 10, 10], "texture": "#0"},
				"west": {"uv": [9, 9, 16, 10], "texture": "#0"},
				"up": {"uv": [9, 9, 10, 16], "texture": "#0"},
				"down": {"uv": [9, 9, 10, 16], "texture": "#0"}
			}
		},
		{
			"from": [12.55, 0.85, 3],
			"to": [12.8, 0.95, 13],
			"rotation": {"angle": 0, "axis": "y", "origin": [18.8, 8.85, 15]},
			"faces": {
				"north": {"uv": [9, 9, 11, 10], "texture": "#0"},
				"east": {"uv": [9, 9, 16, 10], "texture": "#0"},
				"south": {"uv": [9, 9, 10, 10], "texture": "#0"},
				"west": {"uv": [9, 9, 16, 10], "texture": "#0"},
				"up": {"uv": [9, 9, 10, 16], "texture": "#0"},
				"down": {"uv": [9, 9, 10, 16], "texture": "#0"}
			}
		},
		{
			"from": [7.75, 3.1, 3],
			"to": [8, 3.2, 13],
			"rotation": {"angle": 0, "axis": "y", "origin": [14, 11.1, 15]},
			"faces": {
				"north": {"uv": [9, 9, 11, 10], "texture": "#0"},
				"east": {"uv": [9, 9, 16, 10], "texture": "#0"},
				"south": {"uv": [9, 9, 10, 10], "texture": "#0"},
				"west": {"uv": [9, 9, 16, 10], "texture": "#0"},
				"up": {"uv": [9, 9, 10, 16], "texture": "#0"},
				"down": {"uv": [9, 9, 10, 16], "texture": "#0"}
			}
		},
		{
			"from": [7.75, 0.85, 3],
			"to": [8, 0.95, 13],
			"rotation": {"angle": 0, "axis": "y", "origin": [14, 8.85, 15]},
			"faces": {
				"north": {"uv": [9, 9, 11, 10], "texture": "#0"},
				"east": {"uv": [9, 9, 16, 10], "texture": "#0"},
				"south": {"uv": [9, 9, 10, 10], "texture": "#0"},
				"west": {"uv": [9, 9, 16, 10], "texture": "#0"},
				"up": {"uv": [9, 9, 10, 16], "texture": "#0"},
				"down": {"uv": [9, 9, 10, 16], "texture": "#0"}
			}
		},
		{
			"from": [2.95, 3.1, 3],
			"to": [3.2, 3.2, 13],
			"rotation": {"angle": 0, "axis": "y", "origin": [9.2, 11.1, 15]},
			"faces": {
				"north": {"uv": [9, 9, 11, 10], "texture": "#0"},
				"east": {"uv": [9, 9, 16, 10], "texture": "#0"},
				"south": {"uv": [9, 9, 10, 10], "texture": "#0"},
				"west": {"uv": [9, 9, 16, 10], "texture": "#0"},
				"up": {"uv": [9, 9, 10, 16], "texture": "#0"},
				"down": {"uv": [9, 9, 10, 16], "texture": "#0"}
			}
		},
		{
			"from": [2.95, 0.85, 3],
			"to": [3.2, 0.95, 13],
			"rotation": {"angle": 0, "axis": "y", "origin": [9.2, 8.85, 15]},
			"faces": {
				"north": {"uv": [9, 9, 11, 10], "texture": "#0"},
				"east": {"uv": [9, 9, 16, 10], "texture": "#0"},
				"south": {"uv": [9, 9, 10, 10], "texture": "#0"},
				"west": {"uv": [9, 9, 16, 10], "texture": "#0"},
				"up": {"uv": [9, 9, 10, 16], "texture": "#0"},
				"down": {"uv": [9, 9, 10, 16], "texture": "#0"}
			}
		},
		{
			"from": [13.75, 3.1, 3],
			"to": [14, 3.2, 13],
			"rotation": {"angle": 0, "axis": "y", "origin": [20, 11.1, 15]},
			"faces": {
				"north": {"uv": [9, 9, 11, 10], "texture": "#0"},
				"east": {"uv": [9, 9, 16, 10], "texture": "#0"},
				"south": {"uv": [9, 9, 10, 10], "texture": "#0"},
				"west": {"uv": [9, 9, 16, 10], "texture": "#0"},
				"up": {"uv": [9, 9, 10, 16], "texture": "#0"},
				"down": {"uv": [9, 9, 10, 16], "texture": "#0"}
			}
		},
		{
			"from": [13.75, 0.85, 3],
			"to": [14, 0.95, 13],
			"rotation": {"angle": 0, "axis": "y", "origin": [20, 8.85, 15]},
			"faces": {
				"north": {"uv": [9, 9, 11, 10], "texture": "#0"},
				"east": {"uv": [9, 9, 16, 10], "texture": "#0"},
				"south": {"uv": [9, 9, 10, 10], "texture": "#0"},
				"west": {"uv": [9, 9, 16, 10], "texture": "#0"},
				"up": {"uv": [9, 9, 10, 16], "texture": "#0"},
				"down": {"uv": [9, 9, 10, 16], "texture": "#0"}
			}
		},
		{
			"from": [8.95, 3.1, 3],
			"to": [9.2, 3.2, 13],
			"rotation": {"angle": 0, "axis": "y", "origin": [15.2, 11.1, 15]},
			"faces": {
				"north": {"uv": [9, 9, 11, 10], "texture": "#0"},
				"east": {"uv": [9, 9, 16, 10], "texture": "#0"},
				"south": {"uv": [9, 9, 10, 10], "texture": "#0"},
				"west": {"uv": [9, 9, 16, 10], "texture": "#0"},
				"up": {"uv": [9, 9, 10, 16], "texture": "#0"},
				"down": {"uv": [9, 9, 10, 16], "texture": "#0"}
			}
		},
		{
			"from": [8.95, 0.85, 3],
			"to": [9.2, 0.95, 13],
			"rotation": {"angle": 0, "axis": "y", "origin": [15.2, 8.85, 15]},
			"faces": {
				"north": {"uv": [9, 9, 11, 10], "texture": "#0"},
				"east": {"uv": [9, 9, 16, 10], "texture": "#0"},
				"south": {"uv": [9, 9, 10, 10], "texture": "#0"},
				"west": {"uv": [9, 9, 16, 10], "texture": "#0"},
				"up": {"uv": [9, 9, 10, 16], "texture": "#0"},
				"down": {"uv": [9, 9, 10, 16], "texture": "#0"}
			}
		},
		{
			"from": [4.15, 3.1, 3],
			"to": [4.4, 3.2, 13],
			"rotation": {"angle": 0, "axis": "y", "origin": [10.4, 11.1, 15]},
			"faces": {
				"north": {"uv": [9, 9, 11, 10], "texture": "#0"},
				"east": {"uv": [9, 9, 16, 10], "texture": "#0"},
				"south": {"uv": [9, 9, 10, 10], "texture": "#0"},
				"west": {"uv": [9, 9, 16, 10], "texture": "#0"},
				"up": {"uv": [9, 9, 10, 16], "texture": "#0"},
				"down": {"uv": [9, 9, 10, 16], "texture": "#0"}
			}
		},
		{
			"from": [4.15, 0.85, 3],
			"to": [4.4, 0.95, 13],
			"rotation": {"angle": 0, "axis": "y", "origin": [10.4, 8.85, 15]},
			"faces": {
				"north": {"uv": [9, 9, 11, 10], "texture": "#0"},
				"east": {"uv": [9, 9, 16, 10], "texture": "#0"},
				"south": {"uv": [9, 9, 10, 10], "texture": "#0"},
				"west": {"uv": [9, 9, 16, 10], "texture": "#0"},
				"up": {"uv": [9, 9, 10, 16], "texture": "#0"},
				"down": {"uv": [9, 9, 10, 16], "texture": "#0"}
			}
		},
		{
			"from": [11.35, 3.1, 3],
			"to": [11.6, 3.2, 13],
			"rotation": {"angle": 0, "axis": "y", "origin": [17.6, 11.1, 15]},
			"faces": {
				"north": {"uv": [9, 9, 11, 10], "texture": "#0"},
				"east": {"uv": [9, 9, 16, 10], "texture": "#0"},
				"south": {"uv": [9, 9, 10, 10], "texture": "#0"},
				"west": {"uv": [9, 9, 16, 10], "texture": "#0"},
				"up": {"uv": [9, 9, 10, 16], "texture": "#0"},
				"down": {"uv": [9, 9, 10, 16], "texture": "#0"}
			}
		},
		{
			"from": [11.35, 0.85, 3],
			"to": [11.6, 0.95, 13],
			"rotation": {"angle": 0, "axis": "y", "origin": [17.6, 8.85, 15]},
			"faces": {
				"north": {"uv": [9, 9, 11, 10], "texture": "#0"},
				"east": {"uv": [9, 9, 16, 10], "texture": "#0"},
				"south": {"uv": [9, 9, 10, 10], "texture": "#0"},
				"west": {"uv": [9, 9, 16, 10], "texture": "#0"},
				"up": {"uv": [9, 9, 10, 16], "texture": "#0"},
				"down": {"uv": [9, 9, 10, 16], "texture": "#0"}
			}
		},
		{
			"from": [6.55, 3.1, 3],
			"to": [6.8, 3.2, 13],
			"rotation": {"angle": 0, "axis": "y", "origin": [12.8, 11.1, 15]},
			"faces": {
				"north": {"uv": [9, 9, 11, 10], "texture": "#0"},
				"east": {"uv": [9, 9, 16, 10], "texture": "#0"},
				"south": {"uv": [9, 9, 10, 10], "texture": "#0"},
				"west": {"uv": [9, 9, 16, 10], "texture": "#0"},
				"up": {"uv": [9, 9, 10, 16], "texture": "#0"},
				"down": {"uv": [9, 9, 10, 16], "texture": "#0"}
			}
		},
		{
			"from": [6.55, 0.85, 3],
			"to": [6.8, 0.95, 13],
			"rotation": {"angle": 0, "axis": "y", "origin": [12.8, 8.85, 15]},
			"faces": {
				"north": {"uv": [9, 9, 11, 10], "texture": "#0"},
				"east": {"uv": [9, 9, 16, 10], "texture": "#0"},
				"south": {"uv": [9, 9, 10, 10], "texture": "#0"},
				"west": {"uv": [9, 9, 16, 10], "texture": "#0"},
				"up": {"uv": [9, 9, 10, 16], "texture": "#0"},
				"down": {"uv": [9, 9, 10, 16], "texture": "#0"}
			}
		},
		{
			"from": [1.75, 3.1, 3],
			"to": [2, 3.2, 13],
			"rotation": {"angle": 0, "axis": "y", "origin": [8, 11.1, 15]},
			"faces": {
				"north": {"uv": [9, 9, 11, 10], "texture": "#0"},
				"east": {"uv": [9, 9, 16, 10], "texture": "#0"},
				"south": {"uv": [9, 9, 10, 10], "texture": "#0"},
				"west": {"uv": [9, 9, 16, 10], "texture": "#0"},
				"up": {"uv": [9, 9, 10, 16], "texture": "#0"},
				"down": {"uv": [9, 9, 10, 16], "texture": "#0"}
			}
		},
		{
			"from": [1.75, 0.85, 3],
			"to": [2, 0.95, 13],
			"rotation": {"angle": 0, "axis": "y", "origin": [8, 8.85, 15]},
			"faces": {
				"north": {"uv": [9, 9, 11, 10], "texture": "#0"},
				"east": {"uv": [9, 9, 16, 10], "texture": "#0"},
				"south": {"uv": [9, 9, 10, 10], "texture": "#0"},
				"west": {"uv": [9, 9, 16, 10], "texture": "#0"},
				"up": {"uv": [9, 9, 10, 16], "texture": "#0"},
				"down": {"uv": [9, 9, 10, 16], "texture": "#0"}
			}
		},
		{
			"from": [14.35, 3.1, 3],
			"to": [14.6, 3.2, 13],
			"rotation": {"angle": 0, "axis": "y", "origin": [20.6, 11.1, 15]},
			"faces": {
				"north": {"uv": [9, 9, 11, 10], "texture": "#0"},
				"east": {"uv": [9, 9, 16, 10], "texture": "#0"},
				"south": {"uv": [9, 9, 10, 10], "texture": "#0"},
				"west": {"uv": [9, 9, 16, 10], "texture": "#0"},
				"up": {"uv": [9, 9, 10, 16], "texture": "#0"},
				"down": {"uv": [9, 9, 10, 16], "texture": "#0"}
			}
		},
		{
			"from": [14.35, 0.85, 3],
			"to": [14.6, 0.95, 13],
			"rotation": {"angle": 0, "axis": "y", "origin": [20.6, 8.85, 15]},
			"faces": {
				"north": {"uv": [9, 9, 11, 10], "texture": "#0"},
				"east": {"uv": [9, 9, 16, 10], "texture": "#0"},
				"south": {"uv": [9, 9, 10, 10], "texture": "#0"},
				"west": {"uv": [9, 9, 16, 10], "texture": "#0"},
				"up": {"uv": [9, 9, 10, 16], "texture": "#0"},
				"down": {"uv": [9, 9, 10, 16], "texture": "#0"}
			}
		},
		{
			"from": [9.55, 3.1, 3],
			"to": [9.8, 3.2, 13],
			"rotation": {"angle": 0, "axis": "y", "origin": [15.8, 11.1, 15]},
			"faces": {
				"north": {"uv": [9, 9, 11, 10], "texture": "#0"},
				"east": {"uv": [9, 9, 16, 10], "texture": "#0"},
				"south": {"uv": [9, 9, 10, 10], "texture": "#0"},
				"west": {"uv": [9, 9, 16, 10], "texture": "#0"},
				"up": {"uv": [9, 9, 10, 16], "texture": "#0"},
				"down": {"uv": [9, 9, 10, 16], "texture": "#0"}
			}
		},
		{
			"from": [9.55, 0.85, 3],
			"to": [9.8, 0.95, 13],
			"rotation": {"angle": 0, "axis": "y", "origin": [15.8, 8.85, 15]},
			"faces": {
				"north": {"uv": [9, 9, 11, 10], "texture": "#0"},
				"east": {"uv": [9, 9, 16, 10], "texture": "#0"},
				"south": {"uv": [9, 9, 10, 10], "texture": "#0"},
				"west": {"uv": [9, 9, 16, 10], "texture": "#0"},
				"up": {"uv": [9, 9, 10, 16], "texture": "#0"},
				"down": {"uv": [9, 9, 10, 16], "texture": "#0"}
			}
		},
		{
			"from": [4.75, 3.1, 3],
			"to": [5, 3.2, 13],
			"rotation": {"angle": 0, "axis": "y", "origin": [11, 11.1, 15]},
			"faces": {
				"north": {"uv": [9, 9, 11, 10], "texture": "#0"},
				"east": {"uv": [9, 9, 16, 10], "texture": "#0"},
				"south": {"uv": [9, 9, 10, 10], "texture": "#0"},
				"west": {"uv": [9, 9, 16, 10], "texture": "#0"},
				"up": {"uv": [9, 9, 10, 16], "texture": "#0"},
				"down": {"uv": [9, 9, 10, 16], "texture": "#0"}
			}
		},
		{
			"from": [4.75, 0.85, 3],
			"to": [5, 0.95, 13],
			"rotation": {"angle": 0, "axis": "y", "origin": [11, 8.85, 15]},
			"faces": {
				"north": {"uv": [9, 9, 11, 10], "texture": "#0"},
				"east": {"uv": [9, 9, 16, 10], "texture": "#0"},
				"south": {"uv": [9, 9, 10, 10], "texture": "#0"},
				"west": {"uv": [9, 9, 16, 10], "texture": "#0"},
				"up": {"uv": [9, 9, 10, 16], "texture": "#0"},
				"down": {"uv": [9, 9, 10, 16], "texture": "#0"}
			}
		},
		{
			"from": [11.95, 3.1, 3],
			"to": [12.2, 3.2, 13],
			"rotation": {"angle": 0, "axis": "y", "origin": [18.2, 11.1, 15]},
			"faces": {
				"north": {"uv": [9, 9, 11, 10], "texture": "#0"},
				"east": {"uv": [9, 9, 16, 10], "texture": "#0"},
				"south": {"uv": [9, 9, 10, 10], "texture": "#0"},
				"west": {"uv": [9, 9, 16, 10], "texture": "#0"},
				"up": {"uv": [9, 9, 10, 16], "texture": "#0"},
				"down": {"uv": [9, 9, 10, 16], "texture": "#0"}
			}
		},
		{
			"from": [11.95, 0.85, 3],
			"to": [12.2, 0.95, 13],
			"rotation": {"angle": 0, "axis": "y", "origin": [18.2, 8.85, 15]},
			"faces": {
				"north": {"uv": [9, 9, 11, 10], "texture": "#0"},
				"east": {"uv": [9, 9, 16, 10], "texture": "#0"},
				"south": {"uv": [9, 9, 10, 10], "texture": "#0"},
				"west": {"uv": [9, 9, 16, 10], "texture": "#0"},
				"up": {"uv": [9, 9, 10, 16], "texture": "#0"},
				"down": {"uv": [9, 9, 10, 16], "texture": "#0"}
			}
		},
		{
			"from": [7.15, 3.1, 3],
			"to": [7.4, 3.2, 13],
			"rotation": {"angle": 0, "axis": "y", "origin": [13.4, 11.1, 15]},
			"faces": {
				"north": {"uv": [9, 9, 11, 10], "texture": "#0"},
				"east": {"uv": [9, 9, 16, 10], "texture": "#0"},
				"south": {"uv": [9, 9, 10, 10], "texture": "#0"},
				"west": {"uv": [9, 9, 16, 10], "texture": "#0"},
				"up": {"uv": [9, 9, 10, 16], "texture": "#0"},
				"down": {"uv": [9, 9, 10, 16], "texture": "#0"}
			}
		},
		{
			"from": [7.15, 0.85, 3],
			"to": [7.4, 0.95, 13],
			"rotation": {"angle": 0, "axis": "y", "origin": [13.4, 8.85, 15]},
			"faces": {
				"north": {"uv": [9, 9, 11, 10], "texture": "#0"},
				"east": {"uv": [9, 9, 16, 10], "texture": "#0"},
				"south": {"uv": [9, 9, 10, 10], "texture": "#0"},
				"west": {"uv": [9, 9, 16, 10], "texture": "#0"},
				"up": {"uv": [9, 9, 10, 16], "texture": "#0"},
				"down": {"uv": [9, 9, 10, 16], "texture": "#0"}
			}
		},
		{
			"from": [2.35, 3.1, 3],
			"to": [2.6, 3.2, 13],
			"rotation": {"angle": 0, "axis": "y", "origin": [8.6, 11.1, 15]},
			"faces": {
				"north": {"uv": [9, 9, 11, 10], "texture": "#0"},
				"east": {"uv": [9, 9, 16, 10], "texture": "#0"},
				"south": {"uv": [9, 9, 10, 10], "texture": "#0"},
				"west": {"uv": [9, 9, 16, 10], "texture": "#0"},
				"up": {"uv": [9, 9, 10, 16], "texture": "#0"},
				"down": {"uv": [9, 9, 10, 16], "texture": "#0"}
			}
		},
		{
			"from": [2.35, 0.85, 3],
			"to": [2.6, 0.95, 13],
			"rotation": {"angle": 0, "axis": "y", "origin": [8.6, 8.85, 15]},
			"faces": {
				"north": {"uv": [9, 9, 11, 10], "texture": "#0"},
				"east": {"uv": [9, 9, 16, 10], "texture": "#0"},
				"south": {"uv": [9, 9, 10, 10], "texture": "#0"},
				"west": {"uv": [9, 9, 16, 10], "texture": "#0"},
				"up": {"uv": [9, 9, 10, 16], "texture": "#0"},
				"down": {"uv": [9, 9, 10, 16], "texture": "#0"}
			}
		},
		{
			"from": [13.15, 3.1, 3],
			"to": [13.4, 3.2, 13],
			"rotation": {"angle": 0, "axis": "y", "origin": [19.4, 11.1, 15]},
			"faces": {
				"north": {"uv": [9, 9, 11, 10], "texture": "#0"},
				"east": {"uv": [9, 9, 16, 10], "texture": "#0"},
				"south": {"uv": [9, 9, 10, 10], "texture": "#0"},
				"west": {"uv": [9, 9, 16, 10], "texture": "#0"},
				"up": {"uv": [9, 9, 10, 16], "texture": "#0"},
				"down": {"uv": [9, 9, 10, 16], "texture": "#0"}
			}
		},
		{
			"from": [13.15, 0.85, 3],
			"to": [13.4, 0.95, 13],
			"rotation": {"angle": 0, "axis": "y", "origin": [19.4, 8.85, 15]},
			"faces": {
				"north": {"uv": [9, 9, 11, 10], "texture": "#0"},
				"east": {"uv": [9, 9, 16, 10], "texture": "#0"},
				"south": {"uv": [9, 9, 10, 10], "texture": "#0"},
				"west": {"uv": [9, 9, 16, 10], "texture": "#0"},
				"up": {"uv": [9, 9, 10, 16], "texture": "#0"},
				"down": {"uv": [9, 9, 10, 16], "texture": "#0"}
			}
		},
		{
			"from": [8.35, 3.1, 3],
			"to": [8.6, 3.2, 13],
			"rotation": {"angle": 0, "axis": "y", "origin": [14.6, 11.1, 15]},
			"faces": {
				"north": {"uv": [9, 9, 11, 10], "texture": "#0"},
				"east": {"uv": [9, 9, 16, 10], "texture": "#0"},
				"south": {"uv": [9, 9, 10, 10], "texture": "#0"},
				"west": {"uv": [9, 9, 16, 10], "texture": "#0"},
				"up": {"uv": [9, 9, 10, 16], "texture": "#0"},
				"down": {"uv": [9, 9, 10, 16], "texture": "#0"}
			}
		},
		{
			"from": [8.35, 0.85, 3],
			"to": [8.6, 0.95, 13],
			"rotation": {"angle": 0, "axis": "y", "origin": [14.6, 8.85, 15]},
			"faces": {
				"north": {"uv": [9, 9, 11, 10], "texture": "#0"},
				"east": {"uv": [9, 9, 16, 10], "texture": "#0"},
				"south": {"uv": [9, 9, 10, 10], "texture": "#0"},
				"west": {"uv": [9, 9, 16, 10], "texture": "#0"},
				"up": {"uv": [9, 9, 10, 16], "texture": "#0"},
				"down": {"uv": [9, 9, 10, 16], "texture": "#0"}
			}
		},
		{
			"from": [3.55, 3.1, 3],
			"to": [3.8, 3.2, 13],
			"rotation": {"angle": 0, "axis": "y", "origin": [9.8, 11.1, 15]},
			"faces": {
				"north": {"uv": [9, 9, 11, 10], "texture": "#0"},
				"east": {"uv": [9, 9, 16, 10], "texture": "#0"},
				"south": {"uv": [9, 9, 10, 10], "texture": "#0"},
				"west": {"uv": [9, 9, 16, 10], "texture": "#0"},
				"up": {"uv": [9, 9, 10, 16], "texture": "#0"},
				"down": {"uv": [9, 9, 10, 16], "texture": "#0"}
			}
		},
		{
			"from": [3.55, 0.85, 3],
			"to": [3.8, 0.95, 13],
			"rotation": {"angle": 0, "axis": "y", "origin": [9.8, 8.85, 15]},
			"faces": {
				"north": {"uv": [9, 9, 11, 10], "texture": "#0"},
				"east": {"uv": [9, 9, 16, 10], "texture": "#0"},
				"south": {"uv": [9, 9, 10, 10], "texture": "#0"},
				"west": {"uv": [9, 9, 16, 10], "texture": "#0"},
				"up": {"uv": [9, 9, 10, 16], "texture": "#0"},
				"down": {"uv": [9, 9, 10, 16], "texture": "#0"}
			}
		},
		{
			"from": [10.75, 3.1, 3],
			"to": [11, 3.2, 13],
			"rotation": {"angle": 0, "axis": "y", "origin": [17, 11.1, 15]},
			"faces": {
				"north": {"uv": [9, 9, 11, 10], "texture": "#0"},
				"east": {"uv": [9, 9, 16, 10], "texture": "#0"},
				"south": {"uv": [9, 9, 10, 10], "texture": "#0"},
				"west": {"uv": [9, 9, 16, 10], "texture": "#0"},
				"up": {"uv": [9, 9, 10, 16], "texture": "#0"},
				"down": {"uv": [9, 9, 10, 16], "texture": "#0"}
			}
		},
		{
			"from": [10.75, 0.85, 3],
			"to": [11, 0.95, 13],
			"rotation": {"angle": 0, "axis": "y", "origin": [17, 8.85, 15]},
			"faces": {
				"north": {"uv": [9, 9, 11, 10], "texture": "#0"},
				"east": {"uv": [9, 9, 16, 10], "texture": "#0"},
				"south": {"uv": [9, 9, 10, 10], "texture": "#0"},
				"west": {"uv": [9, 9, 16, 10], "texture": "#0"},
				"up": {"uv": [9, 9, 10, 16], "texture": "#0"},
				"down": {"uv": [9, 9, 10, 16], "texture": "#0"}
			}
		},
		{
			"from": [5.95, 3.1, 3],
			"to": [6.2, 3.2, 13],
			"rotation": {"angle": 0, "axis": "y", "origin": [12.2, 11.1, 15]},
			"faces": {
				"north": {"uv": [9, 9, 11, 10], "texture": "#0"},
				"east": {"uv": [9, 9, 16, 10], "texture": "#0"},
				"south": {"uv": [9, 9, 10, 10], "texture": "#0"},
				"west": {"uv": [9, 9, 16, 10], "texture": "#0"},
				"up": {"uv": [9, 9, 10, 16], "texture": "#0"},
				"down": {"uv": [9, 9, 10, 16], "texture": "#0"}
			}
		},
		{
			"from": [5.95, 0.85, 3],
			"to": [6.2, 0.95, 13],
			"rotation": {"angle": 0, "axis": "y", "origin": [12.2, 8.85, 15]},
			"faces": {
				"north": {"uv": [9, 9, 11, 10], "texture": "#0"},
				"east": {"uv": [9, 9, 16, 10], "texture": "#0"},
				"south": {"uv": [9, 9, 10, 10], "texture": "#0"},
				"west": {"uv": [9, 9, 16, 10], "texture": "#0"},
				"up": {"uv": [9, 9, 10, 16], "texture": "#0"},
				"down": {"uv": [9, 9, 10, 16], "texture": "#0"}
			}
		},
		{
			"from": [1.3, 2.775, 3],
			"to": [1.4, 3.025, 13],
			"rotation": {"angle": 0, "axis": "y", "origin": [0.35, 2.9, 8]},
			"faces": {
				"north": {"uv": [9, 9, 11, 10], "rotation": 90, "texture": "#0"},
				"east": {"uv": [9, 9, 16, 10], "rotation": 270, "texture": "#0"},
				"south": {"uv": [9, 9, 10, 10], "rotation": 270, "texture": "#0"},
				"west": {"uv": [9, 9, 16, 10], "rotation": 270, "texture": "#0"},
				"up": {"uv": [9, 9, 10, 16], "rotation": 270, "texture": "#0"},
				"down": {"uv": [9, 9, 10, 16], "rotation": 270, "texture": "#0"}
			}
		},
		{
			"from": [14.6, 2.775, 3],
			"to": [14.7, 3.025, 13],
			"rotation": {"angle": 0, "axis": "y", "origin": [15.65, 2.9, 8]},
			"faces": {
				"north": {"uv": [9, 9, 11, 10], "rotation": 90, "texture": "#0"},
				"east": {"uv": [9, 9, 16, 10], "rotation": 270, "texture": "#0"},
				"south": {"uv": [9, 9, 10, 10], "rotation": 270, "texture": "#0"},
				"west": {"uv": [9, 9, 16, 10], "rotation": 270, "texture": "#0"},
				"up": {"uv": [9, 9, 10, 16], "rotation": 270, "texture": "#0"},
				"down": {"uv": [9, 9, 10, 16], "rotation": 270, "texture": "#0"}
			}
		},
		{
			"from": [1.3, 2.175, 3],
			"to": [1.4, 2.425, 13],
			"rotation": {"angle": 0, "axis": "y", "origin": [0.35, 2.3, 8]},
			"faces": {
				"north": {"uv": [9, 9, 11, 10], "rotation": 90, "texture": "#0"},
				"east": {"uv": [9, 9, 16, 10], "rotation": 270, "texture": "#0"},
				"south": {"uv": [9, 9, 10, 10], "rotation": 270, "texture": "#0"},
				"west": {"uv": [9, 9, 16, 10], "rotation": 270, "texture": "#0"},
				"up": {"uv": [9, 9, 10, 16], "rotation": 270, "texture": "#0"},
				"down": {"uv": [9, 9, 10, 16], "rotation": 270, "texture": "#0"}
			}
		},
		{
			"from": [14.6, 2.175, 3],
			"to": [14.7, 2.425, 13],
			"rotation": {"angle": 0, "axis": "y", "origin": [15.65, 2.3, 8]},
			"faces": {
				"north": {"uv": [9, 9, 11, 10], "rotation": 90, "texture": "#0"},
				"east": {"uv": [9, 9, 16, 10], "rotation": 270, "texture": "#0"},
				"south": {"uv": [9, 9, 10, 10], "rotation": 270, "texture": "#0"},
				"west": {"uv": [9, 9, 16, 10], "rotation": 270, "texture": "#0"},
				"up": {"uv": [9, 9, 10, 16], "rotation": 270, "texture": "#0"},
				"down": {"uv": [9, 9, 10, 16], "rotation": 270, "texture": "#0"}
			}
		},
		{
			"from": [1.3, 1.575, 3],
			"to": [1.4, 1.825, 13],
			"rotation": {"angle": 0, "axis": "y", "origin": [0.35, 1.7, 8]},
			"faces": {
				"north": {"uv": [9, 9, 11, 10], "rotation": 90, "texture": "#0"},
				"east": {"uv": [9, 9, 16, 10], "rotation": 270, "texture": "#0"},
				"south": {"uv": [9, 9, 10, 10], "rotation": 270, "texture": "#0"},
				"west": {"uv": [9, 9, 16, 10], "rotation": 270, "texture": "#0"},
				"up": {"uv": [9, 9, 10, 16], "rotation": 270, "texture": "#0"},
				"down": {"uv": [9, 9, 10, 16], "rotation": 270, "texture": "#0"}
			}
		},
		{
			"from": [14.6, 1.575, 3],
			"to": [14.7, 1.825, 13],
			"rotation": {"angle": 0, "axis": "y", "origin": [15.65, 1.7, 8]},
			"faces": {
				"north": {"uv": [9, 9, 11, 10], "rotation": 90, "texture": "#0"},
				"east": {"uv": [9, 9, 16, 10], "rotation": 270, "texture": "#0"},
				"south": {"uv": [9, 9, 10, 10], "rotation": 270, "texture": "#0"},
				"west": {"uv": [9, 9, 16, 10], "rotation": 270, "texture": "#0"},
				"up": {"uv": [9, 9, 10, 16], "rotation": 270, "texture": "#0"},
				"down": {"uv": [9, 9, 10, 16], "rotation": 270, "texture": "#0"}
			}
		},
		{
			"from": [1.3, 2.475, 3],
			"to": [1.4, 2.725, 13],
			"rotation": {"angle": 0, "axis": "y", "origin": [0.35, 2.6, 8]},
			"faces": {
				"north": {"uv": [9, 9, 11, 10], "rotation": 90, "texture": "#0"},
				"east": {"uv": [9, 9, 16, 10], "rotation": 270, "texture": "#0"},
				"south": {"uv": [9, 9, 10, 10], "rotation": 270, "texture": "#0"},
				"west": {"uv": [9, 9, 16, 10], "rotation": 270, "texture": "#0"},
				"up": {"uv": [9, 9, 10, 16], "rotation": 270, "texture": "#0"},
				"down": {"uv": [9, 9, 10, 16], "rotation": 270, "texture": "#0"}
			}
		},
		{
			"from": [14.6, 2.475, 3],
			"to": [14.7, 2.725, 13],
			"rotation": {"angle": 0, "axis": "y", "origin": [15.65, 2.6, 8]},
			"faces": {
				"north": {"uv": [9, 9, 11, 10], "rotation": 90, "texture": "#0"},
				"east": {"uv": [9, 9, 16, 10], "rotation": 270, "texture": "#0"},
				"south": {"uv": [9, 9, 10, 10], "rotation": 270, "texture": "#0"},
				"west": {"uv": [9, 9, 16, 10], "rotation": 270, "texture": "#0"},
				"up": {"uv": [9, 9, 10, 16], "rotation": 270, "texture": "#0"},
				"down": {"uv": [9, 9, 10, 16], "rotation": 270, "texture": "#0"}
			}
		},
		{
			"from": [1.3, 1.875, 3],
			"to": [1.4, 2.125, 13],
			"rotation": {"angle": 0, "axis": "y", "origin": [0.35, 2, 8]},
			"faces": {
				"north": {"uv": [9, 9, 11, 10], "rotation": 90, "texture": "#0"},
				"east": {"uv": [9, 9, 16, 10], "rotation": 270, "texture": "#0"},
				"south": {"uv": [9, 9, 10, 10], "rotation": 270, "texture": "#0"},
				"west": {"uv": [9, 9, 16, 10], "rotation": 270, "texture": "#0"},
				"up": {"uv": [9, 9, 10, 16], "rotation": 270, "texture": "#0"},
				"down": {"uv": [9, 9, 10, 16], "rotation": 270, "texture": "#0"}
			}
		},
		{
			"from": [14.6, 1.875, 3],
			"to": [14.7, 2.125, 13],
			"rotation": {"angle": 0, "axis": "y", "origin": [15.65, 2, 8]},
			"faces": {
				"north": {"uv": [9, 9, 11, 10], "rotation": 90, "texture": "#0"},
				"east": {"uv": [9, 9, 16, 10], "rotation": 270, "texture": "#0"},
				"south": {"uv": [9, 9, 10, 10], "rotation": 270, "texture": "#0"},
				"west": {"uv": [9, 9, 16, 10], "rotation": 270, "texture": "#0"},
				"up": {"uv": [9, 9, 10, 16], "rotation": 270, "texture": "#0"},
				"down": {"uv": [9, 9, 10, 16], "rotation": 270, "texture": "#0"}
			}
		},
		{
			"from": [1.3, 1.275, 3],
			"to": [1.4, 1.525, 13],
			"rotation": {"angle": 0, "axis": "y", "origin": [0.35, 1.4, 8]},
			"faces": {
				"north": {"uv": [9, 9, 11, 10], "rotation": 90, "texture": "#0"},
				"east": {"uv": [9, 9, 16, 10], "rotation": 270, "texture": "#0"},
				"south": {"uv": [9, 9, 10, 10], "rotation": 270, "texture": "#0"},
				"west": {"uv": [9, 9, 16, 10], "rotation": 270, "texture": "#0"},
				"up": {"uv": [9, 9, 10, 16], "rotation": 270, "texture": "#0"},
				"down": {"uv": [9, 9, 10, 16], "rotation": 270, "texture": "#0"}
			}
		},
		{
			"from": [14.6, 1.275, 3],
			"to": [14.7, 1.525, 13],
			"rotation": {"angle": 0, "axis": "y", "origin": [15.65, 1.4, 8]},
			"faces": {
				"north": {"uv": [9, 9, 11, 10], "rotation": 90, "texture": "#0"},
				"east": {"uv": [9, 9, 16, 10], "rotation": 270, "texture": "#0"},
				"south": {"uv": [9, 9, 10, 10], "rotation": 270, "texture": "#0"},
				"west": {"uv": [9, 9, 16, 10], "rotation": 270, "texture": "#0"},
				"up": {"uv": [9, 9, 10, 16], "rotation": 270, "texture": "#0"},
				"down": {"uv": [9, 9, 10, 16], "rotation": 270, "texture": "#0"}
			}
		},
		{
			"from": [1.3, 0.975, 3],
			"to": [1.4, 1.225, 13],
			"rotation": {"angle": 0, "axis": "y", "origin": [0.35, 1.1, 8]},
			"faces": {
				"north": {"uv": [9, 9, 11, 10], "rotation": 90, "texture": "#0"},
				"east": {"uv": [9, 9, 16, 10], "rotation": 270, "texture": "#0"},
				"south": {"uv": [9, 9, 10, 10], "rotation": 270, "texture": "#0"},
				"west": {"uv": [9, 9, 16, 10], "rotation": 270, "texture": "#0"},
				"up": {"uv": [9, 9, 10, 16], "rotation": 270, "texture": "#0"},
				"down": {"uv": [9, 9, 10, 16], "rotation": 270, "texture": "#0"}
			}
		},
		{
			"from": [14.6, 0.975, 3],
			"to": [14.7, 1.225, 13],
			"rotation": {"angle": 0, "axis": "y", "origin": [15.65, 1.1, 8]},
			"faces": {
				"north": {"uv": [9, 9, 11, 10], "rotation": 90, "texture": "#0"},
				"east": {"uv": [9, 9, 16, 10], "rotation": 270, "texture": "#0"},
				"south": {"uv": [9, 9, 10, 10], "rotation": 270, "texture": "#0"},
				"west": {"uv": [9, 9, 16, 10], "rotation": 270, "texture": "#0"},
				"up": {"uv": [9, 9, 10, 16], "rotation": 270, "texture": "#0"},
				"down": {"uv": [9, 9, 10, 16], "rotation": 270, "texture": "#0"}
			}
		},
		{
			"from": [1.4, 1, 3.25],
			"to": [1.5, 3, 12.75],
			"rotation": {"angle": 0, "axis": "y", "origin": [6.5, 9, 15]},
			"faces": {
				"north": {"uv": [9, 9, 11, 10], "texture": "#0"},
				"east": {"uv": [9, 9, 16, 10], "texture": "#0"},
				"south": {"uv": [9, 9, 10, 10], "texture": "#0"},
				"west": {"uv": [9, 9, 16, 10], "texture": "#0"},
				"up": {"uv": [9, 9, 10, 16], "texture": "#0"},
				"down": {"uv": [9, 9, 10, 16], "texture": "#0"}
			}
		},
		{
			"from": [14.5, 1, 3.25],
			"to": [14.6, 3, 12.75],
			"rotation": {"angle": 0, "axis": "y", "origin": [21.6, 9, 15]},
			"faces": {
				"north": {"uv": [9, 9, 11, 10], "texture": "#0"},
				"east": {"uv": [9, 9, 16, 10], "texture": "#0"},
				"south": {"uv": [9, 9, 10, 10], "texture": "#0"},
				"west": {"uv": [9, 9, 16, 10], "texture": "#0"},
				"up": {"uv": [9, 9, 10, 16], "texture": "#0"},
				"down": {"uv": [9, 9, 10, 16], "texture": "#0"}
			}
		},
		{
			"from": [13, 1.5, 2.75],
			"to": [14, 2.5, 3],
			"rotation": {"angle": 0, "axis": "y", "origin": [21.5, 9, 14]},
			"faces": {
				"north": {"uv": [8, 0, 9, 1], "texture": "#0"},
				"east": {"uv": [9, 0, 9, 1], "texture": "#0"},
				"south": {"uv": [8, 0, 9, 1], "texture": "#0"},
				"west": {"uv": [9, 0, 9, 1], "texture": "#0"},
				"up": {"uv": [9, 1, 10, 1], "texture": "#0"},
				"down": {"uv": [9, 1, 10, 1], "texture": "#0"}
			}
		},
		{
			"from": [13, 1.5, 2.25],
			"to": [14, 2.5, 2.5],
			"rotation": {"angle": 0, "axis": "y", "origin": [21.5, 9, 13.5]},
			"faces": {
				"north": {"uv": [0, 8, 1, 9], "texture": "#0"},
				"east": {"uv": [1, 8, 1, 9], "texture": "#0"},
				"south": {"uv": [0, 8, 1, 9], "texture": "#0"},
				"west": {"uv": [1, 8, 1, 9], "texture": "#0"},
				"up": {"uv": [1, 9, 2, 9], "texture": "#0"},
				"down": {"uv": [1, 9, 2, 9], "texture": "#0"}
			}
		},
		{
			"from": [13, 1.5, 13.5],
			"to": [14, 2.5, 13.75],
			"rotation": {"angle": 0, "axis": "y", "origin": [21.5, 9, 24.75]},
			"faces": {
				"north": {"uv": [0, 8, 1, 9], "texture": "#0"},
				"east": {"uv": [1, 8, 1, 9], "texture": "#0"},
				"south": {"uv": [0, 8, 1, 9], "texture": "#0"},
				"west": {"uv": [1, 8, 1, 9], "texture": "#0"},
				"up": {"uv": [1, 9, 2, 9], "texture": "#0"},
				"down": {"uv": [1, 9, 2, 9], "texture": "#0"}
			}
		},
		{
			"from": [12.85, 0.5, 2.5],
			"to": [14.15, 2.75, 2.75],
			"rotation": {"angle": 0, "axis": "y", "origin": [21.5, 9, 13.75]},
			"faces": {
				"north": {"uv": [8, 0, 9, 1], "texture": "#0"},
				"east": {"uv": [9, 0, 9, 1], "texture": "#0"},
				"south": {"uv": [8, 0, 9, 1], "texture": "#0"},
				"west": {"uv": [9, 0, 9, 1], "texture": "#0"},
				"up": {"uv": [9, 1, 10, 1], "texture": "#0"},
				"down": {"uv": [9, 1, 10, 1], "texture": "#0"}
			}
		},
		{
			"from": [12.85, 0.5, 13.25],
			"to": [14.15, 2.75, 13.5],
			"rotation": {"angle": 0, "axis": "y", "origin": [21.5, 9, 24.5]},
			"faces": {
				"north": {"uv": [8, 0, 9, 1], "texture": "#0"},
				"east": {"uv": [9, 0, 9, 1], "texture": "#0"},
				"south": {"uv": [8, 0, 9, 1], "texture": "#0"},
				"west": {"uv": [9, 0, 9, 1], "texture": "#0"},
				"up": {"uv": [9, 1, 10, 1], "texture": "#0"},
				"down": {"uv": [9, 1, 10, 1], "texture": "#0"}
			}
		},
		{
			"from": [13, 1.5, 13],
			"to": [14, 2.5, 13.25],
			"rotation": {"angle": 0, "axis": "y", "origin": [21.5, 9, 24.25]},
			"faces": {
				"north": {"uv": [8, 0, 9, 1], "texture": "#0"},
				"east": {"uv": [9, 0, 9, 1], "texture": "#0"},
				"south": {"uv": [8, 0, 9, 1], "texture": "#0"},
				"west": {"uv": [9, 0, 9, 1], "texture": "#0"},
				"up": {"uv": [9, 1, 10, 1], "texture": "#0"},
				"down": {"uv": [9, 1, 10, 1], "texture": "#0"}
			}
		},
		{
			"from": [2, 1.5, 2.75],
			"to": [3, 2.5, 3],
			"rotation": {"angle": 0, "axis": "y", "origin": [8.5, 9, 9]},
			"faces": {
				"north": {"uv": [8, 0, 9, 1], "texture": "#0"},
				"east": {"uv": [9, 0, 9, 1], "texture": "#0"},
				"south": {"uv": [8, 0, 9, 1], "texture": "#0"},
				"west": {"uv": [9, 0, 9, 1], "texture": "#0"},
				"up": {"uv": [9, 1, 10, 1], "texture": "#0"},
				"down": {"uv": [9, 1, 10, 1], "texture": "#0"}
			}
		},
		{
			"from": [2, 1.5, 2.25],
			"to": [3, 2.5, 2.5],
			"rotation": {"angle": 0, "axis": "y", "origin": [8.5, 9, 8.5]},
			"faces": {
				"north": {"uv": [0, 8, 1, 9], "texture": "#0"},
				"east": {"uv": [1, 8, 1, 9], "texture": "#0"},
				"south": {"uv": [0, 8, 1, 9], "texture": "#0"},
				"west": {"uv": [1, 8, 1, 9], "texture": "#0"},
				"up": {"uv": [1, 9, 2, 9], "texture": "#0"},
				"down": {"uv": [1, 9, 2, 9], "texture": "#0"}
			}
		},
		{
			"from": [2, 1.5, 13.5],
			"to": [3, 2.5, 13.75],
			"rotation": {"angle": 0, "axis": "y", "origin": [8.5, 9, 19.75]},
			"faces": {
				"north": {"uv": [0, 8, 1, 9], "texture": "#0"},
				"east": {"uv": [1, 8, 1, 9], "texture": "#0"},
				"south": {"uv": [0, 8, 1, 9], "texture": "#0"},
				"west": {"uv": [1, 8, 1, 9], "texture": "#0"},
				"up": {"uv": [1, 9, 2, 9], "texture": "#0"},
				"down": {"uv": [1, 9, 2, 9], "texture": "#0"}
			}
		},
		{
			"from": [1.85, 0.5, 2.5],
			"to": [3.15, 2.75, 2.75],
			"rotation": {"angle": 0, "axis": "y", "origin": [8.5, 9, 8.75]},
			"faces": {
				"north": {"uv": [8, 0, 9, 1], "texture": "#0"},
				"east": {"uv": [9, 0, 9, 1], "texture": "#0"},
				"south": {"uv": [8, 0, 9, 1], "texture": "#0"},
				"west": {"uv": [9, 0, 9, 1], "texture": "#0"},
				"up": {"uv": [9, 1, 10, 1], "texture": "#0"},
				"down": {"uv": [9, 1, 10, 1], "texture": "#0"}
			}
		},
		{
			"from": [1.85, 0.5, 13.25],
			"to": [3.15, 2.75, 13.5],
			"rotation": {"angle": 0, "axis": "y", "origin": [8.5, 9, 19.5]},
			"faces": {
				"north": {"uv": [8, 0, 9, 1], "texture": "#0"},
				"east": {"uv": [9, 0, 9, 1], "texture": "#0"},
				"south": {"uv": [8, 0, 9, 1], "texture": "#0"},
				"west": {"uv": [9, 0, 9, 1], "texture": "#0"},
				"up": {"uv": [9, 1, 10, 1], "texture": "#0"},
				"down": {"uv": [9, 1, 10, 1], "texture": "#0"}
			}
		},
		{
			"from": [2, 1.5, 13],
			"to": [3, 2.5, 13.25],
			"rotation": {"angle": 0, "axis": "y", "origin": [8.5, 9, 19.25]},
			"faces": {
				"north": {"uv": [8, 0, 9, 1], "texture": "#0"},
				"east": {"uv": [9, 0, 9, 1], "texture": "#0"},
				"south": {"uv": [8, 0, 9, 1], "texture": "#0"},
				"west": {"uv": [9, 0, 9, 1], "texture": "#0"},
				"up": {"uv": [9, 1, 10, 1], "texture": "#0"},
				"down": {"uv": [9, 1, 10, 1], "texture": "#0"}
			}
		},
		{
			"from": [11.85, 2.6, 2.9],
			"to": [12.15, 2.9, 3],
			"rotation": {"angle": 0, "axis": "y", "origin": [19, 9, 5]},
			"faces": {
				"north": {"uv": [8, 0, 9, 1], "texture": "#0"},
				"east": {"uv": [9, 0, 9, 1], "texture": "#0"},
				"south": {"uv": [8, 0, 9, 1], "texture": "#0"},
				"west": {"uv": [9, 0, 9, 1], "texture": "#0"},
				"up": {"uv": [9, 1, 10, 1], "texture": "#0"},
				"down": {"uv": [9, 1, 10, 1], "texture": "#0"}
			}
		},
		{
			"from": [10.85, 2.6, 2.9],
			"to": [11.15, 2.9, 3],
			"rotation": {"angle": 0, "axis": "y", "origin": [18, 9, 5]},
			"faces": {
				"north": {"uv": [8, 0, 9, 1], "texture": "#0"},
				"east": {"uv": [9, 0, 9, 1], "texture": "#0"},
				"south": {"uv": [8, 0, 9, 1], "texture": "#0"},
				"west": {"uv": [9, 0, 9, 1], "texture": "#0"},
				"up": {"uv": [9, 1, 10, 1], "texture": "#0"},
				"down": {"uv": [9, 1, 10, 1], "texture": "#0"}
			}
		},
		{
			"from": [9.85, 2.6, 2.9],
			"to": [10.15, 2.9, 3],
			"rotation": {"angle": 0, "axis": "y", "origin": [17, 9, 5]},
			"faces": {
				"north": {"uv": [8, 0, 9, 1], "texture": "#0"},
				"east": {"uv": [9, 0, 9, 1], "texture": "#0"},
				"south": {"uv": [8, 0, 9, 1], "texture": "#0"},
				"west": {"uv": [9, 0, 9, 1], "texture": "#0"},
				"up": {"uv": [9, 1, 10, 1], "texture": "#0"},
				"down": {"uv": [9, 1, 10, 1], "texture": "#0"}
			}
		},
		{
			"from": [8.85, 2.6, 2.9],
			"to": [9.15, 2.9, 3],
			"rotation": {"angle": 0, "axis": "y", "origin": [16, 9, 5]},
			"faces": {
				"north": {"uv": [8, 0, 9, 1], "texture": "#0"},
				"east": {"uv": [9, 0, 9, 1], "texture": "#0"},
				"south": {"uv": [8, 0, 9, 1], "texture": "#0"},
				"west": {"uv": [9, 0, 9, 1], "texture": "#0"},
				"up": {"uv": [9, 1, 10, 1], "texture": "#0"},
				"down": {"uv": [9, 1, 10, 1], "texture": "#0"}
			}
		},
		{
			"from": [7.85, 2.6, 2.9],
			"to": [8.15, 2.9, 3],
			"rotation": {"angle": 0, "axis": "y", "origin": [15, 9, 5]},
			"faces": {
				"north": {"uv": [8, 0, 9, 1], "texture": "#0"},
				"east": {"uv": [9, 0, 9, 1], "texture": "#0"},
				"south": {"uv": [8, 0, 9, 1], "texture": "#0"},
				"west": {"uv": [9, 0, 9, 1], "texture": "#0"},
				"up": {"uv": [9, 1, 10, 1], "texture": "#0"},
				"down": {"uv": [9, 1, 10, 1], "texture": "#0"}
			}
		},
		{
			"from": [6.85, 2.6, 2.9],
			"to": [7.15, 2.9, 3],
			"rotation": {"angle": 0, "axis": "y", "origin": [14, 9, 5]},
			"faces": {
				"north": {"uv": [8, 0, 9, 1], "texture": "#0"},
				"east": {"uv": [9, 0, 9, 1], "texture": "#0"},
				"south": {"uv": [8, 0, 9, 1], "texture": "#0"},
				"west": {"uv": [9, 0, 9, 1], "texture": "#0"},
				"up": {"uv": [9, 1, 10, 1], "texture": "#0"},
				"down": {"uv": [9, 1, 10, 1], "texture": "#0"}
			}
		},
		{
			"from": [5.85, 2.6, 2.9],
			"to": [6.15, 2.9, 3],
			"rotation": {"angle": 0, "axis": "y", "origin": [13, 9, 5]},
			"faces": {
				"north": {"uv": [8, 0, 9, 1], "texture": "#0"},
				"east": {"uv": [9, 0, 9, 1], "texture": "#0"},
				"south": {"uv": [8, 0, 9, 1], "texture": "#0"},
				"west": {"uv": [9, 0, 9, 1], "texture": "#0"},
				"up": {"uv": [9, 1, 10, 1], "texture": "#0"},
				"down": {"uv": [9, 1, 10, 1], "texture": "#0"}
			}
		},
		{
			"from": [4.85, 2.6, 2.9],
			"to": [5.15, 2.9, 3],
			"rotation": {"angle": 0, "axis": "y", "origin": [12, 9, 5]},
			"faces": {
				"north": {"uv": [8, 0, 9, 1], "texture": "#0"},
				"east": {"uv": [9, 0, 9, 1], "texture": "#0"},
				"south": {"uv": [8, 0, 9, 1], "texture": "#0"},
				"west": {"uv": [9, 0, 9, 1], "texture": "#0"},
				"up": {"uv": [9, 1, 10, 1], "texture": "#0"},
				"down": {"uv": [9, 1, 10, 1], "texture": "#0"}
			}
		},
		{
			"from": [3.85, 2.6, 2.9],
			"to": [4.15, 2.9, 3],
			"rotation": {"angle": 0, "axis": "y", "origin": [11, 9, 5]},
			"faces": {
				"north": {"uv": [8, 0, 9, 1], "texture": "#0"},
				"east": {"uv": [9, 0, 9, 1], "texture": "#0"},
				"south": {"uv": [8, 0, 9, 1], "texture": "#0"},
				"west": {"uv": [9, 0, 9, 1], "texture": "#0"},
				"up": {"uv": [9, 1, 10, 1], "texture": "#0"},
				"down": {"uv": [9, 1, 10, 1], "texture": "#0"}
			}
		},
		{
			"from": [3.85, 2.6, 13],
			"to": [4.15, 2.9, 13.1],
			"rotation": {"angle": 0, "axis": "y", "origin": [11, 9, 15.1]},
			"faces": {
				"north": {"uv": [8, 0, 9, 1], "texture": "#0"},
				"east": {"uv": [9, 0, 9, 1], "texture": "#0"},
				"south": {"uv": [8, 0, 9, 1], "texture": "#0"},
				"west": {"uv": [9, 0, 9, 1], "texture": "#0"},
				"up": {"uv": [9, 1, 10, 1], "texture": "#0"},
				"down": {"uv": [9, 1, 10, 1], "texture": "#0"}
			}
		},
		{
			"from": [4.85, 2.6, 13],
			"to": [5.15, 2.9, 13.1],
			"rotation": {"angle": 0, "axis": "y", "origin": [12, 9, 15.1]},
			"faces": {
				"north": {"uv": [8, 0, 9, 1], "texture": "#0"},
				"east": {"uv": [9, 0, 9, 1], "texture": "#0"},
				"south": {"uv": [8, 0, 9, 1], "texture": "#0"},
				"west": {"uv": [9, 0, 9, 1], "texture": "#0"},
				"up": {"uv": [9, 1, 10, 1], "texture": "#0"},
				"down": {"uv": [9, 1, 10, 1], "texture": "#0"}
			}
		},
		{
			"from": [5.85, 2.6, 13],
			"to": [6.15, 2.9, 13.1],
			"rotation": {"angle": 0, "axis": "y", "origin": [13, 9, 15.1]},
			"faces": {
				"north": {"uv": [8, 0, 9, 1], "texture": "#0"},
				"east": {"uv": [9, 0, 9, 1], "texture": "#0"},
				"south": {"uv": [8, 0, 9, 1], "texture": "#0"},
				"west": {"uv": [9, 0, 9, 1], "texture": "#0"},
				"up": {"uv": [9, 1, 10, 1], "texture": "#0"},
				"down": {"uv": [9, 1, 10, 1], "texture": "#0"}
			}
		},
		{
			"from": [6.85, 2.6, 13],
			"to": [7.15, 2.9, 13.1],
			"rotation": {"angle": 0, "axis": "y", "origin": [14, 9, 15.1]},
			"faces": {
				"north": {"uv": [8, 0, 9, 1], "texture": "#0"},
				"east": {"uv": [9, 0, 9, 1], "texture": "#0"},
				"south": {"uv": [8, 0, 9, 1], "texture": "#0"},
				"west": {"uv": [9, 0, 9, 1], "texture": "#0"},
				"up": {"uv": [9, 1, 10, 1], "texture": "#0"},
				"down": {"uv": [9, 1, 10, 1], "texture": "#0"}
			}
		},
		{
			"from": [7.85, 2.6, 13],
			"to": [8.15, 2.9, 13.1],
			"rotation": {"angle": 0, "axis": "y", "origin": [15, 9, 15.1]},
			"faces": {
				"north": {"uv": [8, 0, 9, 1], "texture": "#0"},
				"east": {"uv": [9, 0, 9, 1], "texture": "#0"},
				"south": {"uv": [8, 0, 9, 1], "texture": "#0"},
				"west": {"uv": [9, 0, 9, 1], "texture": "#0"},
				"up": {"uv": [9, 1, 10, 1], "texture": "#0"},
				"down": {"uv": [9, 1, 10, 1], "texture": "#0"}
			}
		},
		{
			"from": [8.85, 2.6, 13],
			"to": [9.15, 2.9, 13.1],
			"rotation": {"angle": 0, "axis": "y", "origin": [16, 9, 15.1]},
			"faces": {
				"north": {"uv": [8, 0, 9, 1], "texture": "#0"},
				"east": {"uv": [9, 0, 9, 1], "texture": "#0"},
				"south": {"uv": [8, 0, 9, 1], "texture": "#0"},
				"west": {"uv": [9, 0, 9, 1], "texture": "#0"},
				"up": {"uv": [9, 1, 10, 1], "texture": "#0"},
				"down": {"uv": [9, 1, 10, 1], "texture": "#0"}
			}
		},
		{
			"from": [9.85, 2.6, 13],
			"to": [10.15, 2.9, 13.1],
			"rotation": {"angle": 0, "axis": "y", "origin": [17, 9, 15.1]},
			"faces": {
				"north": {"uv": [8, 0, 9, 1], "texture": "#0"},
				"east": {"uv": [9, 0, 9, 1], "texture": "#0"},
				"south": {"uv": [8, 0, 9, 1], "texture": "#0"},
				"west": {"uv": [9, 0, 9, 1], "texture": "#0"},
				"up": {"uv": [9, 1, 10, 1], "texture": "#0"},
				"down": {"uv": [9, 1, 10, 1], "texture": "#0"}
			}
		},
		{
			"from": [10.85, 2.6, 13],
			"to": [11.15, 2.9, 13.1],
			"rotation": {"angle": 0, "axis": "y", "origin": [18, 9, 15.1]},
			"faces": {
				"north": {"uv": [8, 0, 9, 1], "texture": "#0"},
				"east": {"uv": [9, 0, 9, 1], "texture": "#0"},
				"south": {"uv": [8, 0, 9, 1], "texture": "#0"},
				"west": {"uv": [9, 0, 9, 1], "texture": "#0"},
				"up": {"uv": [9, 1, 10, 1], "texture": "#0"},
				"down": {"uv": [9, 1, 10, 1], "texture": "#0"}
			}
		},
		{
			"from": [11.85, 2.6, 13],
			"to": [12.15, 2.9, 13.1],
			"rotation": {"angle": 0, "axis": "y", "origin": [19, 9, 15.1]},
			"faces": {
				"north": {"uv": [8, 0, 9, 1], "texture": "#0"},
				"east": {"uv": [9, 0, 9, 1], "texture": "#0"},
				"south": {"uv": [8, 0, 9, 1], "texture": "#0"},
				"west": {"uv": [9, 0, 9, 1], "texture": "#0"},
				"up": {"uv": [9, 1, 10, 1], "texture": "#0"},
				"down": {"uv": [9, 1, 10, 1], "texture": "#0"}
			}
		},
		{
			"from": [11.85, 2.6, 13],
			"to": [12.15, 2.9, 13.1],
			"rotation": {"angle": 0, "axis": "y", "origin": [20, 9, 15.1]},
			"faces": {
				"north": {"uv": [8, 0, 9, 1], "texture": "#0"},
				"east": {"uv": [9, 0, 9, 1], "texture": "#0"},
				"south": {"uv": [8, 0, 9, 1], "texture": "#0"},
				"west": {"uv": [9, 0, 9, 1], "texture": "#0"},
				"up": {"uv": [9, 1, 10, 1], "texture": "#0"},
				"down": {"uv": [9, 1, 10, 1], "texture": "#0"}
			}
		},
		{
			"from": [11.85, 1.1, 2.9],
			"to": [12.15, 1.4, 3],
			"rotation": {"angle": 0, "axis": "y", "origin": [19, 7.5, 5]},
			"faces": {
				"north": {"uv": [8, 0, 9, 1], "texture": "#0"},
				"east": {"uv": [9, 0, 9, 1], "texture": "#0"},
				"south": {"uv": [8, 0, 9, 1], "texture": "#0"},
				"west": {"uv": [9, 0, 9, 1], "texture": "#0"},
				"up": {"uv": [9, 1, 10, 1], "texture": "#0"},
				"down": {"uv": [9, 1, 10, 1], "texture": "#0"}
			}
		},
		{
			"from": [10.85, 1.1, 2.9],
			"to": [11.15, 1.4, 3],
			"rotation": {"angle": 0, "axis": "y", "origin": [18, 7.5, 5]},
			"faces": {
				"north": {"uv": [8, 0, 9, 1], "texture": "#0"},
				"east": {"uv": [9, 0, 9, 1], "texture": "#0"},
				"south": {"uv": [8, 0, 9, 1], "texture": "#0"},
				"west": {"uv": [9, 0, 9, 1], "texture": "#0"},
				"up": {"uv": [9, 1, 10, 1], "texture": "#0"},
				"down": {"uv": [9, 1, 10, 1], "texture": "#0"}
			}
		},
		{
			"from": [9.85, 1.1, 2.9],
			"to": [10.15, 1.4, 3],
			"rotation": {"angle": 0, "axis": "y", "origin": [17, 7.5, 5]},
			"faces": {
				"north": {"uv": [8, 0, 9, 1], "texture": "#0"},
				"east": {"uv": [9, 0, 9, 1], "texture": "#0"},
				"south": {"uv": [8, 0, 9, 1], "texture": "#0"},
				"west": {"uv": [9, 0, 9, 1], "texture": "#0"},
				"up": {"uv": [9, 1, 10, 1], "texture": "#0"},
				"down": {"uv": [9, 1, 10, 1], "texture": "#0"}
			}
		},
		{
			"from": [8.85, 1.1, 2.9],
			"to": [9.15, 1.4, 3],
			"rotation": {"angle": 0, "axis": "y", "origin": [16, 7.5, 5]},
			"faces": {
				"north": {"uv": [8, 0, 9, 1], "texture": "#0"},
				"east": {"uv": [9, 0, 9, 1], "texture": "#0"},
				"south": {"uv": [8, 0, 9, 1], "texture": "#0"},
				"west": {"uv": [9, 0, 9, 1], "texture": "#0"},
				"up": {"uv": [9, 1, 10, 1], "texture": "#0"},
				"down": {"uv": [9, 1, 10, 1], "texture": "#0"}
			}
		},
		{
			"from": [7.85, 1.1, 2.9],
			"to": [8.15, 1.4, 3],
			"rotation": {"angle": 0, "axis": "y", "origin": [15, 7.5, 5]},
			"faces": {
				"north": {"uv": [8, 0, 9, 1], "texture": "#0"},
				"east": {"uv": [9, 0, 9, 1], "texture": "#0"},
				"south": {"uv": [8, 0, 9, 1], "texture": "#0"},
				"west": {"uv": [9, 0, 9, 1], "texture": "#0"},
				"up": {"uv": [9, 1, 10, 1], "texture": "#0"},
				"down": {"uv": [9, 1, 10, 1], "texture": "#0"}
			}
		},
		{
			"from": [6.85, 1.1, 2.9],
			"to": [7.15, 1.4, 3],
			"rotation": {"angle": 0, "axis": "y", "origin": [14, 7.5, 5]},
			"faces": {
				"north": {"uv": [8, 0, 9, 1], "texture": "#0"},
				"east": {"uv": [9, 0, 9, 1], "texture": "#0"},
				"south": {"uv": [8, 0, 9, 1], "texture": "#0"},
				"west": {"uv": [9, 0, 9, 1], "texture": "#0"},
				"up": {"uv": [9, 1, 10, 1], "texture": "#0"},
				"down": {"uv": [9, 1, 10, 1], "texture": "#0"}
			}
		},
		{
			"from": [5.85, 1.1, 2.9],
			"to": [6.15, 1.4, 3],
			"rotation": {"angle": 0, "axis": "y", "origin": [13, 7.5, 5]},
			"faces": {
				"north": {"uv": [8, 0, 9, 1], "texture": "#0"},
				"east": {"uv": [9, 0, 9, 1], "texture": "#0"},
				"south": {"uv": [8, 0, 9, 1], "texture": "#0"},
				"west": {"uv": [9, 0, 9, 1], "texture": "#0"},
				"up": {"uv": [9, 1, 10, 1], "texture": "#0"},
				"down": {"uv": [9, 1, 10, 1], "texture": "#0"}
			}
		},
		{
			"from": [4.85, 1.1, 2.9],
			"to": [5.15, 1.4, 3],
			"rotation": {"angle": 0, "axis": "y", "origin": [12, 7.5, 5]},
			"faces": {
				"north": {"uv": [8, 0, 9, 1], "texture": "#0"},
				"east": {"uv": [9, 0, 9, 1], "texture": "#0"},
				"south": {"uv": [8, 0, 9, 1], "texture": "#0"},
				"west": {"uv": [9, 0, 9, 1], "texture": "#0"},
				"up": {"uv": [9, 1, 10, 1], "texture": "#0"},
				"down": {"uv": [9, 1, 10, 1], "texture": "#0"}
			}
		},
		{
			"from": [3.85, 1.1, 2.9],
			"to": [4.15, 1.4, 3],
			"rotation": {"angle": 0, "axis": "y", "origin": [11, 7.5, 5]},
			"faces": {
				"north": {"uv": [8, 0, 9, 1], "texture": "#0"},
				"east": {"uv": [9, 0, 9, 1], "texture": "#0"},
				"south": {"uv": [8, 0, 9, 1], "texture": "#0"},
				"west": {"uv": [9, 0, 9, 1], "texture": "#0"},
				"up": {"uv": [9, 1, 10, 1], "texture": "#0"},
				"down": {"uv": [9, 1, 10, 1], "texture": "#0"}
			}
		},
		{
			"from": [3.85, 1.1, 13],
			"to": [4.15, 1.4, 13.1],
			"rotation": {"angle": 0, "axis": "y", "origin": [11, 7.5, 15.1]},
			"faces": {
				"north": {"uv": [8, 0, 9, 1], "texture": "#0"},
				"east": {"uv": [9, 0, 9, 1], "texture": "#0"},
				"south": {"uv": [8, 0, 9, 1], "texture": "#0"},
				"west": {"uv": [9, 0, 9, 1], "texture": "#0"},
				"up": {"uv": [9, 1, 10, 1], "texture": "#0"},
				"down": {"uv": [9, 1, 10, 1], "texture": "#0"}
			}
		},
		{
			"from": [4.85, 1.1, 13],
			"to": [5.15, 1.4, 13.1],
			"rotation": {"angle": 0, "axis": "y", "origin": [12, 7.5, 15.1]},
			"faces": {
				"north": {"uv": [8, 0, 9, 1], "texture": "#0"},
				"east": {"uv": [9, 0, 9, 1], "texture": "#0"},
				"south": {"uv": [8, 0, 9, 1], "texture": "#0"},
				"west": {"uv": [9, 0, 9, 1], "texture": "#0"},
				"up": {"uv": [9, 1, 10, 1], "texture": "#0"},
				"down": {"uv": [9, 1, 10, 1], "texture": "#0"}
			}
		},
		{
			"from": [5.85, 1.1, 13],
			"to": [6.15, 1.4, 13.1],
			"rotation": {"angle": 0, "axis": "y", "origin": [13, 7.5, 15.1]},
			"faces": {
				"north": {"uv": [8, 0, 9, 1], "texture": "#0"},
				"east": {"uv": [9, 0, 9, 1], "texture": "#0"},
				"south": {"uv": [8, 0, 9, 1], "texture": "#0"},
				"west": {"uv": [9, 0, 9, 1], "texture": "#0"},
				"up": {"uv": [9, 1, 10, 1], "texture": "#0"},
				"down": {"uv": [9, 1, 10, 1], "texture": "#0"}
			}
		},
		{
			"from": [6.85, 1.1, 13],
			"to": [7.15, 1.4, 13.1],
			"rotation": {"angle": 0, "axis": "y", "origin": [14, 7.5, 15.1]},
			"faces": {
				"north": {"uv": [8, 0, 9, 1], "texture": "#0"},
				"east": {"uv": [9, 0, 9, 1], "texture": "#0"},
				"south": {"uv": [8, 0, 9, 1], "texture": "#0"},
				"west": {"uv": [9, 0, 9, 1], "texture": "#0"},
				"up": {"uv": [9, 1, 10, 1], "texture": "#0"},
				"down": {"uv": [9, 1, 10, 1], "texture": "#0"}
			}
		},
		{
			"from": [7.85, 1.1, 13],
			"to": [8.15, 1.4, 13.1],
			"rotation": {"angle": 0, "axis": "y", "origin": [15, 7.5, 15.1]},
			"faces": {
				"north": {"uv": [8, 0, 9, 1], "texture": "#0"},
				"east": {"uv": [9, 0, 9, 1], "texture": "#0"},
				"south": {"uv": [8, 0, 9, 1], "texture": "#0"},
				"west": {"uv": [9, 0, 9, 1], "texture": "#0"},
				"up": {"uv": [9, 1, 10, 1], "texture": "#0"},
				"down": {"uv": [9, 1, 10, 1], "texture": "#0"}
			}
		},
		{
			"from": [8.85, 1.1, 13],
			"to": [9.15, 1.4, 13.1],
			"rotation": {"angle": 0, "axis": "y", "origin": [16, 7.5, 15.1]},
			"faces": {
				"north": {"uv": [8, 0, 9, 1], "texture": "#0"},
				"east": {"uv": [9, 0, 9, 1], "texture": "#0"},
				"south": {"uv": [8, 0, 9, 1], "texture": "#0"},
				"west": {"uv": [9, 0, 9, 1], "texture": "#0"},
				"up": {"uv": [9, 1, 10, 1], "texture": "#0"},
				"down": {"uv": [9, 1, 10, 1], "texture": "#0"}
			}
		},
		{
			"from": [9.85, 1.1, 13],
			"to": [10.15, 1.4, 13.1],
			"rotation": {"angle": 0, "axis": "y", "origin": [17, 7.5, 15.1]},
			"faces": {
				"north": {"uv": [8, 0, 9, 1], "texture": "#0"},
				"east": {"uv": [9, 0, 9, 1], "texture": "#0"},
				"south": {"uv": [8, 0, 9, 1], "texture": "#0"},
				"west": {"uv": [9, 0, 9, 1], "texture": "#0"},
				"up": {"uv": [9, 1, 10, 1], "texture": "#0"},
				"down": {"uv": [9, 1, 10, 1], "texture": "#0"}
			}
		},
		{
			"from": [10.85, 1.1, 13],
			"to": [11.15, 1.4, 13.1],
			"rotation": {"angle": 0, "axis": "y", "origin": [18, 7.5, 15.1]},
			"faces": {
				"north": {"uv": [8, 0, 9, 1], "texture": "#0"},
				"east": {"uv": [9, 0, 9, 1], "texture": "#0"},
				"south": {"uv": [8, 0, 9, 1], "texture": "#0"},
				"west": {"uv": [9, 0, 9, 1], "texture": "#0"},
				"up": {"uv": [9, 1, 10, 1], "texture": "#0"},
				"down": {"uv": [9, 1, 10, 1], "texture": "#0"}
			}
		},
		{
			"from": [11.85, 1.1, 13],
			"to": [12.15, 1.4, 13.1],
			"rotation": {"angle": 0, "axis": "y", "origin": [19, 7.5, 15.1]},
			"faces": {
				"north": {"uv": [8, 0, 9, 1], "texture": "#0"},
				"east": {"uv": [9, 0, 9, 1], "texture": "#0"},
				"south": {"uv": [8, 0, 9, 1], "texture": "#0"},
				"west": {"uv": [9, 0, 9, 1], "texture": "#0"},
				"up": {"uv": [9, 1, 10, 1], "texture": "#0"},
				"down": {"uv": [9, 1, 10, 1], "texture": "#0"}
			}
		},
		{
			"from": [11.75, 0.5, 2.8],
			"to": [12.25, 3, 2.9],
			"rotation": {"angle": 0, "axis": "y", "origin": [20, 9, 4.9]},
			"faces": {
				"north": {"uv": [8, 0, 9, 1], "texture": "#0"},
				"east": {"uv": [9, 0, 9, 1], "texture": "#0"},
				"south": {"uv": [8, 0, 9, 1], "texture": "#0"},
				"west": {"uv": [9, 0, 9, 1], "texture": "#0"},
				"up": {"uv": [9, 1, 10, 1], "texture": "#0"},
				"down": {"uv": [9, 1, 10, 1], "texture": "#0"}
			}
		},
		{
			"from": [4.25, 2.5, 2.8],
			"to": [11.75, 3, 2.9],
			"rotation": {"angle": 0, "axis": "y", "origin": [11, 9, 4.9]},
			"faces": {
				"north": {"uv": [8, 0, 9, 1], "texture": "#0"},
				"east": {"uv": [9, 0, 9, 1], "texture": "#0"},
				"south": {"uv": [8, 0, 9, 1], "texture": "#0"},
				"west": {"uv": [9, 0, 9, 1], "texture": "#0"},
				"up": {"uv": [9, 1, 10, 1], "texture": "#0"},
				"down": {"uv": [9, 1, 10, 1], "texture": "#0"}
			}
		},
		{
			"from": [4, 1.85, 2.7],
			"to": [12, 2.15, 2.8],
			"rotation": {"angle": 0, "axis": "y", "origin": [11, 8.25, 4.8]},
			"faces": {
				"north": {"uv": [8, 0, 9, 1], "texture": "#0"},
				"east": {"uv": [9, 0, 9, 1], "texture": "#0"},
				"south": {"uv": [8, 0, 9, 1], "texture": "#0"},
				"west": {"uv": [9, 0, 9, 1], "texture": "#0"},
				"up": {"uv": [9, 1, 10, 1], "texture": "#0"},
				"down": {"uv": [9, 1, 10, 1], "texture": "#0"}
			}
		},
		{
			"from": [4, 1.85, 13.2],
			"to": [12, 2.15, 13.3],
			"rotation": {"angle": 0, "axis": "y", "origin": [11, 8.25, 15.3]},
			"faces": {
				"north": {"uv": [8, 0, 9, 1], "texture": "#0"},
				"east": {"uv": [9, 0, 9, 1], "texture": "#0"},
				"south": {"uv": [8, 0, 9, 1], "texture": "#0"},
				"west": {"uv": [9, 0, 9, 1], "texture": "#0"},
				"up": {"uv": [9, 1, 10, 1], "texture": "#0"},
				"down": {"uv": [9, 1, 10, 1], "texture": "#0"}
			}
		},
		{
			"from": [4.25, 1, 2.8],
			"to": [11.75, 1.5, 2.9],
			"rotation": {"angle": 0, "axis": "y", "origin": [11, 7.5, 4.9]},
			"faces": {
				"north": {"uv": [8, 0, 9, 1], "texture": "#0"},
				"east": {"uv": [9, 0, 9, 1], "texture": "#0"},
				"south": {"uv": [8, 0, 9, 1], "texture": "#0"},
				"west": {"uv": [9, 0, 9, 1], "texture": "#0"},
				"up": {"uv": [9, 1, 10, 1], "texture": "#0"},
				"down": {"uv": [9, 1, 10, 1], "texture": "#0"}
			}
		},
		{
			"from": [3.75, 0.5, 2.8],
			"to": [4.25, 3, 2.9],
			"rotation": {"angle": 0, "axis": "y", "origin": [10, 9, 4.9]},
			"faces": {
				"north": {"uv": [8, 0, 9, 1], "texture": "#0"},
				"east": {"uv": [9, 0, 9, 1], "texture": "#0"},
				"south": {"uv": [8, 0, 9, 1], "texture": "#0"},
				"west": {"uv": [9, 0, 9, 1], "texture": "#0"},
				"up": {"uv": [9, 1, 10, 1], "texture": "#0"},
				"down": {"uv": [9, 1, 10, 1], "texture": "#0"}
			}
		},
		{
			"from": [3.75, 0.5, 13.1],
			"to": [4.25, 3, 13.2],
			"rotation": {"angle": 0, "axis": "y", "origin": [10, 9, 15.2]},
			"faces": {
				"north": {"uv": [8, 0, 9, 1], "texture": "#0"},
				"east": {"uv": [9, 0, 9, 1], "texture": "#0"},
				"south": {"uv": [8, 0, 9, 1], "texture": "#0"},
				"west": {"uv": [9, 0, 9, 1], "texture": "#0"},
				"up": {"uv": [9, 1, 10, 1], "texture": "#0"},
				"down": {"uv": [9, 1, 10, 1], "texture": "#0"}
			}
		},
		{
			"from": [11.75, 0.5, 13.1],
			"to": [12.25, 3, 13.2],
			"rotation": {"angle": 0, "axis": "y", "origin": [20, 9, 15.2]},
			"faces": {
				"north": {"uv": [8, 0, 9, 1], "texture": "#0"},
				"east": {"uv": [9, 0, 9, 1], "texture": "#0"},
				"south": {"uv": [8, 0, 9, 1], "texture": "#0"},
				"west": {"uv": [9, 0, 9, 1], "texture": "#0"},
				"up": {"uv": [9, 1, 10, 1], "texture": "#0"},
				"down": {"uv": [9, 1, 10, 1], "texture": "#0"}
			}
		},
		{
			"from": [4.25, 2.5, 13.1],
			"to": [11.75, 3, 13.2],
			"rotation": {"angle": 0, "axis": "y", "origin": [19, 9, 15.2]},
			"faces": {
				"north": {"uv": [8, 0, 9, 1], "texture": "#0"},
				"east": {"uv": [9, 0, 9, 1], "texture": "#0"},
				"south": {"uv": [8, 0, 9, 1], "texture": "#0"},
				"west": {"uv": [9, 0, 9, 1], "texture": "#0"},
				"up": {"uv": [9, 1, 10, 1], "texture": "#0"},
				"down": {"uv": [9, 1, 10, 1], "texture": "#0"}
			}
		},
		{
			"from": [1, 2.94281, 13.28754],
			"to": [15, 4.44281, 13.38754],
			"rotation": {"angle": 22.5, "axis": "x", "origin": [7.5, 3.44281, 13.33754]},
			"faces": {
				"north": {"uv": [8, 0, 9, 1], "texture": "#0"},
				"east": {"uv": [9, 0, 9, 1], "texture": "#0"},
				"south": {"uv": [8, 0, 9, 1], "texture": "#0"},
				"west": {"uv": [9, 0, 9, 1], "texture": "#0"},
				"up": {"uv": [9, 1, 10, 1], "texture": "#0"},
				"down": {"uv": [9, 1, 10, 1], "texture": "#0"}
			}
		},
		{
			"from": [1, 2.92378, 2.51679],
			"to": [15, 4.42378, 2.61679],
			"rotation": {"angle": -22.5, "axis": "x", "origin": [5.25, 3.67378, 2.56679]},
			"faces": {
				"north": {"uv": [8, 0, 9, 1], "texture": "#0"},
				"east": {"uv": [9, 0, 9, 1], "texture": "#0"},
				"south": {"uv": [8, 0, 9, 1], "texture": "#0"},
				"west": {"uv": [9, 0, 9, 1], "texture": "#0"},
				"up": {"uv": [9, 1, 10, 1], "texture": "#0"},
				"down": {"uv": [9, 1, 10, 1], "texture": "#0"}
			}
		},
		{
			"from": [4.25, 1, 13.1],
			"to": [11.75, 1.5, 13.2],
			"rotation": {"angle": 0, "axis": "y", "origin": [19, 7.5, 15.2]},
			"faces": {
				"north": {"uv": [8, 0, 9, 1], "texture": "#0"},
				"east": {"uv": [9, 0, 9, 1], "texture": "#0"},
				"south": {"uv": [8, 0, 9, 1], "texture": "#0"},
				"west": {"uv": [9, 0, 9, 1], "texture": "#0"},
				"up": {"uv": [9, 1, 10, 1], "texture": "#0"},
				"down": {"uv": [9, 1, 10, 1], "texture": "#0"}
			}
		},
		{
			"from": [0.6, 0.5, 1.25],
			"to": [2.4, 1, 2.5],
			"rotation": {"angle": 0, "axis": "y", "origin": [8.5, 9, 12.75]},
			"faces": {
				"north": {"uv": [8, 0, 9, 1], "texture": "#0"},
				"east": {"uv": [9, 0, 9, 1], "texture": "#0"},
				"south": {"uv": [8, 0, 9, 1], "texture": "#0"},
				"west": {"uv": [9, 0, 9, 1], "texture": "#0"},
				"up": {"uv": [9, 1, 10, 1], "texture": "#0"},
				"down": {"uv": [9, 1, 10, 1], "texture": "#0"}
			}
		},
		{
			"from": [0.6, 0.5, 13.5],
			"to": [2.4, 1, 14.75],
			"rotation": {"angle": 0, "axis": "y", "origin": [8.5, 9, 25]},
			"faces": {
				"north": {"uv": [8, 0, 9, 1], "texture": "#0"},
				"east": {"uv": [9, 0, 9, 1], "texture": "#0"},
				"south": {"uv": [8, 0, 9, 1], "texture": "#0"},
				"west": {"uv": [9, 0, 9, 1], "texture": "#0"},
				"up": {"uv": [9, 1, 10, 1], "texture": "#0"},
				"down": {"uv": [9, 1, 10, 1], "texture": "#0"}
			}
		},
		{
			"from": [2.35, 0.5, 1.35],
			"to": [13.65, 0.75, 1.6],
			"rotation": {"angle": 0, "axis": "y", "origin": [19.75, 9, 11.85]},
			"faces": {
				"north": {"uv": [1, 1, 2, 2], "texture": "#0"},
				"east": {"uv": [1, 1, 2, 2], "texture": "#0"},
				"south": {"uv": [1, 1, 2, 2], "texture": "#0"},
				"west": {"uv": [1, 1, 2, 2], "texture": "#0"},
				"up": {"uv": [1, 1, 2, 2], "texture": "#0"},
				"down": {"uv": [1, 1, 2, 2], "texture": "#0"}
			}
		},
		{
			"from": [1, 15.25, 1.35],
			"to": [15, 15.5, 1.6],
			"rotation": {"angle": 0, "axis": "y", "origin": [19.75, 23.75, 11.85]},
			"faces": {
				"north": {"uv": [1, 1, 2, 2], "texture": "#0"},
				"east": {"uv": [1, 1, 2, 2], "texture": "#0"},
				"south": {"uv": [1, 1, 2, 2], "texture": "#0"},
				"west": {"uv": [1, 1, 2, 2], "texture": "#0"},
				"up": {"uv": [1, 1, 2, 2], "texture": "#0"},
				"down": {"uv": [1, 1, 2, 2], "texture": "#0"}
			}
		},
		{
			"from": [2.35, 0.5, 13.6],
			"to": [13.65, 0.75, 13.85],
			"rotation": {"angle": 0, "axis": "y", "origin": [19.75, 9, 24.1]},
			"faces": {
				"north": {"uv": [1, 1, 2, 2], "texture": "#0"},
				"east": {"uv": [1, 1, 2, 2], "texture": "#0"},
				"south": {"uv": [1, 1, 2, 2], "texture": "#0"},
				"west": {"uv": [1, 1, 2, 2], "texture": "#0"},
				"up": {"uv": [1, 1, 2, 2], "texture": "#0"},
				"down": {"uv": [1, 1, 2, 2], "texture": "#0"}
			}
		},
		{
			"from": [1, 15.25, 13.6],
			"to": [15, 15.5, 13.85],
			"rotation": {"angle": 0, "axis": "y", "origin": [19.75, 23.75, 24.1]},
			"faces": {
				"north": {"uv": [1, 1, 2, 2], "texture": "#0"},
				"east": {"uv": [1, 1, 2, 2], "texture": "#0"},
				"south": {"uv": [1, 1, 2, 2], "texture": "#0"},
				"west": {"uv": [1, 1, 2, 2], "texture": "#0"},
				"up": {"uv": [1, 1, 2, 2], "texture": "#0"},
				"down": {"uv": [1, 1, 2, 2], "texture": "#0"}
			}
		},
		{
			"from": [2.35, 0.5, 2.15],
			"to": [13.65, 0.75, 2.4],
			"rotation": {"angle": 0, "axis": "y", "origin": [19.75, 9, 12.65]},
			"faces": {
				"north": {"uv": [1, 1, 2, 2], "texture": "#0"},
				"east": {"uv": [1, 1, 2, 2], "texture": "#0"},
				"south": {"uv": [1, 1, 2, 2], "texture": "#0"},
				"west": {"uv": [1, 1, 2, 2], "texture": "#0"},
				"up": {"uv": [1, 1, 2, 2], "texture": "#0"},
				"down": {"uv": [1, 1, 2, 2], "texture": "#0"}
			}
		},
		{
			"from": [1, 15.25, 2.15],
			"to": [15, 15.5, 2.4],
			"rotation": {"angle": 0, "axis": "y", "origin": [19.75, 23.75, 12.65]},
			"faces": {
				"north": {"uv": [1, 1, 2, 2], "texture": "#0"},
				"east": {"uv": [1, 1, 2, 2], "texture": "#0"},
				"south": {"uv": [1, 1, 2, 2], "texture": "#0"},
				"west": {"uv": [1, 1, 2, 2], "texture": "#0"},
				"up": {"uv": [1, 1, 2, 2], "texture": "#0"},
				"down": {"uv": [1, 1, 2, 2], "texture": "#0"}
			}
		},
		{
			"from": [2.35, 0.5, 14.4],
			"to": [13.65, 0.75, 14.65],
			"rotation": {"angle": 0, "axis": "y", "origin": [19.75, 9, 24.9]},
			"faces": {
				"north": {"uv": [1, 1, 2, 2], "texture": "#0"},
				"east": {"uv": [1, 1, 2, 2], "texture": "#0"},
				"south": {"uv": [1, 1, 2, 2], "texture": "#0"},
				"west": {"uv": [1, 1, 2, 2], "texture": "#0"},
				"up": {"uv": [1, 1, 2, 2], "texture": "#0"},
				"down": {"uv": [1, 1, 2, 2], "texture": "#0"}
			}
		},
		{
			"from": [1, 15.25, 14.4],
			"to": [15, 15.5, 14.65],
			"rotation": {"angle": 0, "axis": "y", "origin": [19.75, 23.75, 24.9]},
			"faces": {
				"north": {"uv": [1, 1, 2, 2], "texture": "#0"},
				"east": {"uv": [1, 1, 2, 2], "texture": "#0"},
				"south": {"uv": [1, 1, 2, 2], "texture": "#0"},
				"west": {"uv": [1, 1, 2, 2], "texture": "#0"},
				"up": {"uv": [1, 1, 2, 2], "texture": "#0"},
				"down": {"uv": [1, 1, 2, 2], "texture": "#0"}
			}
		},
		{
			"from": [13.6, 0.5, 1.25],
			"to": [15.4, 1, 2.5],
			"rotation": {"angle": 0, "axis": "y", "origin": [21.5, 9, 12.75]},
			"faces": {
				"north": {"uv": [8, 0, 9, 1], "texture": "#0"},
				"east": {"uv": [9, 0, 9, 1], "texture": "#0"},
				"south": {"uv": [8, 0, 9, 1], "texture": "#0"},
				"west": {"uv": [9, 0, 9, 1], "texture": "#0"},
				"up": {"uv": [9, 1, 10, 1], "texture": "#0"},
				"down": {"uv": [9, 1, 10, 1], "texture": "#0"}
			}
		},
		{
			"from": [13.6, 0.5, 13.5],
			"to": [15.4, 1, 14.75],
			"rotation": {"angle": 0, "axis": "y", "origin": [21.5, 9, 25]},
			"faces": {
				"north": {"uv": [8, 0, 9, 1], "texture": "#0"},
				"east": {"uv": [9, 0, 9, 1], "texture": "#0"},
				"south": {"uv": [8, 0, 9, 1], "texture": "#0"},
				"west": {"uv": [9, 0, 9, 1], "texture": "#0"},
				"up": {"uv": [9, 1, 10, 1], "texture": "#0"},
				"down": {"uv": [9, 1, 10, 1], "texture": "#0"}
			}
		}
	],
	"groups": [
		{
			"name": "rollers",
			"origin": [21.5, 9, 15],
			"children": [0, 1, 2, 3, 4, 5, 6, 7, 8, 9, 10, 11, 12, 13, 14, 15, 16, 17, 18, 19]
		},
		{
			"name": "belt",
			"origin": [21.6, 9, 15],
			"children": [20, 21, 22, 23, 24, 25, 26, 27, 28, 29, 30, 31, 32, 33, 34, 35, 36, 37, 38, 39, 40, 41, 42, 43, 44, 45, 46, 47, 48, 49, 50, 51, 52, 53, 54, 55, 56, 57, 58, 59, 60, 61, 62, 63, 64, 65, 66, 67, 68, 69, 70, 71, 72, 73, 74, 75, 76, 77, 78, 79, 80, 81, 82, 83, 84, 85, 86, 87, 88, 89, 90, 91, 92, 93, 94, 95, 96, 97, 98, 99, 100, 101, 102, 103, 104, 105, 106, 107, 108, 109, 110, 111, 112, 113, 114, 115, 116, 117, 118, 119, 120, 121, 122, 123, 124, 125]
		},
		{
			"name": "strut",
			"origin": [20, 9, 15.2],
			"children": [126, 127, 128, 129, 130, 131, 132, 133, 134, 135, 136, 137, 138, 139, 140, 141, 142, 143, 144, 145, 146, 147, 148, 149, 150, 151, 152, 153, 154, 155, 156, 157, 158, 159, 160, 161, 162, 163, 164, 165, 166, 167, 168, 169, 170, 171, 172, 173, 174, 175, 176, 177, 178, 179, 180, 181, 182, 183, 184, 185, 186]
		},
		{
			"name": "circuits",
			"origin": [32.8, 9, 11.9],
			"children": [187, 188, 189, 190, 191, 192, 193, 194, 195, 196, 197, 198]
		}
	]
}